path	plan	ok	notok	todo	sorry	exit	raku_status	whitelisted
roast/6.c/APPENDICES/A03-older-specs/01-misc.t	9	6	3	0	0	3	FAIL	0
roast/6.c/APPENDICES/A04-experimental/01-misc.t	19	1	0	0	0	255	ABORT	0
roast/6.c/MISC/bug-coverage-stress.t	14	13	1	0	0	1	FAIL	0
roast/6.c/MISC/bug-coverage.t	17	17	0	0	0	0	PASS	0
roast/6.c/MISC/misc-6.c.t	1	1	0	0	0	0	PASS	1
roast/6.c/S02-names/SETTING-6c.t	6	2	4	0	0	4	FAIL	1
roast/6.c/S02-names/pseudo-6c.t	0	0	0	0	1	1	SORRY	0
roast/6.c/S02-types/subset-6c.t	51	51	0	0	0	0	PASS	1
roast/6.c/S03-operators/set_precedes.t	40	40	0	0	0	0	PASS	1
roast/6.c/S04-declarations/my-6c.t	112	111	1	0	0	1	FAIL	0
roast/6.c/S05-grammar/methods.t	8	8	0	0	0	0	PASS	1
roast/6.c/S05-grammar/parse_and_parsefile-6c.t	17	17	0	0	0	0	PASS	1
roast/6.c/S06-other/main-refactored.t	501	501	0	0	0	0	PASS	1
roast/6.c/S12-class/mro-6c.t	5	5	0	0	0	0	PASS	1
roast/6.c/S14-roles/attributes.t	3	3	0	0	0	0	PASS	1
roast/6.c/S14-roles/mixin-6c.t	57	57	0	0	0	0	PASS	0
roast/6.c/S14-roles/submethods.t	4	4	0	0	0	0	PASS	1
roast/6.c/S32-io/file-tests.t	16	16	0	0	0	0	PASS	1
roast/6.d/S02-literals/version.t	31	31	0	0	0	0	PASS	1
roast/6.d/S05-capture/match-object.t	3	3	0	0	0	0	PASS	1
roast/6.d/S09-multidim/indexing.t	2	2	0	0	0	0	PASS	1
roast/6.d/S15-unicode-information/uniname.t	2	2	0	0	0	0	PASS	1
roast/6.d/S32-num/atanh.t	18	18	0	0	0	0	PASS	1
roast/6.d/S32-num/log.t	2	2	0	0	0	0	PASS	1
roast/6.d/S32-num/sign.t	1	1	0	0	0	0	PASS	1
roast/6.d/S32-num/sqrt.t	2	2	0	0	0	0	PASS	1
roast/6.d/S32-str/sprintf-b.t	2282	2282	0	0	0	0	PASS	1
roast/6.d/S32-str/sprintf-c.t	1492	1492	0	0	0	0	PASS	1
roast/6.d/S32-str/sprintf-d.t	4565	4565	0	0	0	0	PASS	1
roast/6.d/S32-str/sprintf-e.t	2282	2282	0	0	0	0	PASS	1
roast/6.d/S32-str/sprintf-f.t	2282	2282	0	0	0	0	PASS	1
roast/6.d/S32-str/sprintf-o.t	2282	2282	0	0	0	0	PASS	1
roast/6.d/S32-str/sprintf-s.t	1630	1630	0	0	0	0	PASS	1
roast/6.d/S32-str/sprintf-u.t	978	978	0	0	0	0	PASS	1
roast/6.d/S32-str/sprintf-x.t	2282	2282	0	0	0	0	PASS	1
roast/6.d/S32-str/sprintf.t	174	174	0	0	0	0	PASS	1
roast/APPENDICES/A01-limits/misc.t	3	2	1	0	0	1	FAIL	0
roast/APPENDICES/A01-limits/overflow.t	18	18	0	0	0	0	PASS	0
roast/APPENDICES/A02-some-day-maybe/concreteness.t	1	1	0	0	0	0	PASS	1
roast/APPENDICES/A02-some-day-maybe/io-cathandle.t	13	13	0	0	0	0	PASS	1
roast/APPENDICES/A02-some-day-maybe/misc.t	6	5	1	0	0	1	FAIL	0
roast/APPENDICES/A02-some-day-maybe/multi-no-match.t	16	16	0	0	0	0	PASS	0
roast/MISC/bug-coverage-6.d.t	1	1	0	0	0	0	PASS	1
roast/MISC/bug-coverage-stress.t	1	1	0	0	0	0	PASS	1
roast/MISC/misc.t	7	5	0	0	0	255	ABORT	0
roast/S01-perl-5-integration/array.t	17	17	0	0	0	0	PASS	1
roast/S01-perl-5-integration/basic.t	15	15	0	0	0	0	PASS	1
roast/S01-perl-5-integration/class.t	3	3	0	0	0	0	PASS	1
roast/S01-perl-5-integration/context.t	10	10	0	0	0	0	PASS	1
roast/S01-perl-5-integration/eval_lex.t	2	2	0	0	0	0	PASS	1
roast/S01-perl-5-integration/exception_handling.t	3	3	0	0	0	0	PASS	1
roast/S01-perl-5-integration/hash.t	6	6	0	0	0	0	PASS	1
roast/S01-perl-5-integration/import.t	3	3	0	0	0	0	PASS	1
roast/S01-perl-5-integration/isms.t	2	2	0	0	0	0	PASS	1
roast/S01-perl-5-integration/method.t	13	13	0	0	0	0	PASS	1
roast/S01-perl-5-integration/return.t	2	2	0	0	0	0	PASS	1
roast/S01-perl-5-integration/roundtrip.t	5	5	0	0	0	0	PASS	1
roast/S01-perl-5-integration/strings.t	6	6	0	0	0	0	PASS	1
roast/S01-perl-5-integration/subs.t	2	2	0	0	0	0	PASS	1
roast/S02-lexical-conventions/bom.t	1	1	0	0	0	0	PASS	1
roast/S02-lexical-conventions/comments.t	51	51	0	0	0	0	PASS	1
roast/S02-lexical-conventions/finish-pod.t	2	2	0	0	0	0	PASS	1
roast/S02-lexical-conventions/minimal-whitespace.t	18	18	0	0	0	0	PASS	1
roast/S02-lexical-conventions/one-pass-parsing.t	5	5	0	0	0	0	PASS	1
roast/S02-lexical-conventions/pod-in-multi-line-exprs.t	3	3	0	0	0	0	PASS	1
roast/S02-lexical-conventions/sub-block-parsing.t	11	11	0	0	0	0	PASS	1
roast/S02-lexical-conventions/unicode-whitespace.t	50	50	0	0	0	0	PASS	1
roast/S02-lexical-conventions/unicode.t	44	44	0	0	0	0	PASS	1
roast/S02-lexical-conventions/unspace.t	110	33	1	0	1	1	SORRY	1
roast/S02-lists/indexing.t	4	4	0	0	0	0	PASS	1
roast/S02-lists/tree.t	14	14	0	0	0	0	PASS	1
roast/S02-literals/adverbs.t	35	33	2	0	0	2	FAIL	1
roast/S02-literals/allomorphic.t	119	119	0	0	0	0	PASS	1
roast/S02-literals/array-interpolation.t	12	12	0	0	0	0	PASS	1
roast/S02-literals/autoref.t	38	38	0	0	0	0	PASS	1
roast/S02-literals/char-by-name.t	11	11	0	0	0	0	PASS	1
roast/S02-literals/char-by-number.t	38	38	0	0	0	0	PASS	1
roast/S02-literals/fmt-interpolation.t	11	11	0	0	0	0	PASS	1
roast/S02-literals/format.t	0	0	0	0	1	1	SORRY	1
roast/S02-literals/hash-interpolation.t	16	16	0	0	0	0	PASS	1
roast/S02-literals/heredocs.t	42	32	10	0	0	10	FAIL	1
roast/S02-literals/hex_chars.t	4	4	0	0	0	0	PASS	1
roast/S02-literals/listquote-whitespace.t	12	12	0	0	0	0	PASS	1
roast/S02-literals/listquote.t	24	23	1	0	0	1	FAIL	1
roast/S02-literals/misc-interpolation.t	50	50	0	0	0	0	PASS	1
roast/S02-literals/numeric.t	71	67	4	0	0	4	FAIL	1
roast/S02-literals/pair-boolean.t	6	6	0	0	0	0	PASS	1
roast/S02-literals/pairs.t	84	83	1	0	0	1	FAIL	1
roast/S02-literals/pod.t	0	0	0	0	1	1	SORRY	1
roast/S02-literals/quoting-unicode.t	101	101	0	0	0	0	PASS	1
roast/S02-literals/quoting.t	212	212	0	0	0	0	PASS	1
roast/S02-literals/radix.t	0	0	0	0	1	1	SORRY	1
roast/S02-literals/string-interpolation.t	42	42	0	0	0	0	PASS	1
roast/S02-literals/sub-calls.t	20	20	0	0	0	0	PASS	1
roast/S02-literals/subscript.t	2	2	0	0	0	0	PASS	1
roast/S02-literals/types.t	7	7	0	0	0	0	PASS	1
roast/S02-literals/underscores.t	19	19	0	0	0	0	PASS	1
roast/S02-literals/version.t	0	0	0	0	1	1	SORRY	1
roast/S02-magicals/78258.t	1	1	0	0	0	0	PASS	1
roast/S02-magicals/DISTRO.t	0	0	0	0	1	1	SORRY	1
roast/S02-magicals/GROUP.t	1	1	0	0	0	0	PASS	1
roast/S02-magicals/KERNEL.t	0	0	0	0	1	1	SORRY	1
roast/S02-magicals/PERL.t	0	0	0	0	1	1	SORRY	1
roast/S02-magicals/RAKU.t	0	0	0	0	1	1	SORRY	1
roast/S02-magicals/USER.t	1	1	0	0	0	0	PASS	1
roast/S02-magicals/VM.t	0	0	0	0	1	1	SORRY	1
roast/S02-magicals/args.t	6	6	0	0	0	0	PASS	1
roast/S02-magicals/block.t	3	3	0	0	0	0	PASS	1
roast/S02-magicals/dollar-underscore.t	23	23	0	0	0	0	PASS	1
roast/S02-magicals/dollar_bang.t	15	15	0	0	0	0	PASS	1
roast/S02-magicals/env.t	0	0	0	0	1	1	SORRY	1
roast/S02-magicals/file_line.t	2	2	0	0	0	0	PASS	1
roast/S02-magicals/pid.t	2	2	0	0	0	0	PASS	1
roast/S02-magicals/progname.t	4	4	0	0	0	0	PASS	1
roast/S02-magicals/sub.t	11	10	1	0	0	1	FAIL	1
roast/S02-magicals/subname.t	4	4	0	0	0	0	PASS	1
roast/S02-names-vars/contextual.t	26	26	0	0	0	0	PASS	1
roast/S02-names-vars/fmt.t	21	21	0	0	0	0	PASS	1
roast/S02-names-vars/list_array_perl.t	25	25	0	0	0	0	PASS	1
roast/S02-names-vars/names.t	0	0	0	0	1	1	SORRY	0
roast/S02-names-vars/perl.t	114	97	0	0	0	255	ABORT	1
roast/S02-names-vars/signature.t	15	15	0	0	0	0	PASS	1
roast/S02-names-vars/variables-and-packages.t	39	39	0	0	0	0	PASS	1
roast/S02-names-vars/varnames.t	29	27	2	0	0	2	FAIL	1
roast/S02-names/SETTING-6e.t	6	6	0	0	0	0	PASS	1
roast/S02-names/bare-sigil.t	11	11	0	0	0	0	PASS	1
roast/S02-names/caller.t	0	0	0	0	1	1	SORRY	1
roast/S02-names/dynamic-scope.t	4	4	0	0	0	0	PASS	1
roast/S02-names/identifier.t	22	22	0	0	0	0	PASS	1
roast/S02-names/indirect.t	10	10	0	0	0	0	PASS	1
roast/S02-names/is_default.t	146	145	1	0	0	1	FAIL	1
roast/S02-names/is_dynamic.t	28	28	0	0	0	0	PASS	1
roast/S02-names/name.t	28	28	0	0	0	0	PASS	1
roast/S02-names/our.t	10	6	0	0	0	255	ABORT	1
roast/S02-names/pseudo-6d.t	0	0	0	0	1	1	SORRY	0
roast/S02-names/pseudo-6e.t	0	0	0	0	1	1	SORRY	0
roast/S02-names/strict.t	7	4	0	0	1	255	SORRY	1
roast/S02-names/symbolic-deref.t	36	23	0	0	0	255	ABORT	1
roast/S02-one-pass-parsing/less-than.t	9	9	0	0	0	0	PASS	1
roast/S02-one-pass-parsing/misc.t	1	1	0	0	0	0	PASS	1
roast/S02-packages/package-lookup.t	7	7	0	0	0	0	PASS	1
roast/S02-types/WHICH.t	1657	1657	0	0	0	0	PASS	1
roast/S02-types/anon_block.t	42	41	1	0	0	1	FAIL	1
roast/S02-types/array-shapes.t	43	38	0	0	0	255	ABORT	0
roast/S02-types/array.t	0	0	0	0	1	1	SORRY	1
roast/S02-types/array_extending.t	21	21	0	0	0	0	PASS	1
roast/S02-types/array_ref.t	45	45	0	0	0	0	PASS	1
roast/S02-types/assigning-refs.t	18	18	0	0	0	0	PASS	1
roast/S02-types/autovivification.t	22	22	0	0	0	0	PASS	1
roast/S02-types/bag-iterator.t	14	14	0	0	0	0	PASS	1
roast/S02-types/bag.t	255	251	4	0	0	4	FAIL	1
roast/S02-types/baggy.t	9	9	0	0	0	0	PASS	1
roast/S02-types/baghash.t	344	342	2	0	0	2	FAIL	1
roast/S02-types/bool.t	69	69	0	0	0	0	PASS	1
roast/S02-types/built-in.t	1	1	0	0	0	0	PASS	1
roast/S02-types/capture.t	46	46	0	0	0	0	PASS	1
roast/S02-types/catch_type_cast_mismatch.t	11	11	0	0	0	0	PASS	1
roast/S02-types/compact.t	7	2	0	0	0	255	ABORT	1
roast/S02-types/declare.t	0	0	0	0	1	1	SORRY	1
roast/S02-types/fatrat.t	1	1	0	0	0	0	PASS	1
roast/S02-types/flattening.t	50	50	0	0	0	0	PASS	1
roast/S02-types/generics.t	1	1	0	0	0	0	PASS	0
roast/S02-types/hash.t	112	112	0	0	0	0	PASS	1
roast/S02-types/hash_ref.t	31	31	0	0	0	0	PASS	1
roast/S02-types/hyperwhatever.t	2	2	0	0	0	0	PASS	1
roast/S02-types/infinity.t	21	4	0	0	0	255	ABORT	1
roast/S02-types/instants-and-durations.t	36	36	0	0	0	0	PASS	1
roast/S02-types/int-uint.t	104	89	15	0	0	15	FAIL	1
roast/S02-types/is-type.t	18	8	0	0	0	255	ABORT	1
roast/S02-types/isDEPRECATED.t	14	11	3	0	0	3	FAIL	1
roast/S02-types/lazy-lists.t	27	27	0	0	0	0	PASS	1
roast/S02-types/list.t	77	77	0	0	0	0	PASS	1
roast/S02-types/lists.t	30	30	0	0	0	0	PASS	1
roast/S02-types/mix-iterator.t	14	14	0	0	0	0	PASS	1
roast/S02-types/mix.t	244	241	3	0	0	3	FAIL	1
roast/S02-types/mixed_multi_dimensional.t	80	77	3	0	0	3	FAIL	1
roast/S02-types/mixhash.t	295	293	2	0	0	2	FAIL	1
roast/S02-types/mu.t	9	9	0	0	0	0	PASS	1
roast/S02-types/multi_dimensional_array.t	59	6	0	0	0	255	ABORT	1
roast/S02-types/nan.t	28	28	0	0	0	0	PASS	1
roast/S02-types/native.t	143	142	1	0	0	1	FAIL	1
roast/S02-types/nested_arrays.t	10	10	0	0	0	0	PASS	1
roast/S02-types/nested_pairs.t	14	14	0	0	0	0	PASS	1
roast/S02-types/nil.t	0	0	0	0	1	1	SORRY	1
roast/S02-types/nominalizables.t	4	4	0	0	0	0	PASS	1
roast/S02-types/num.t	112	110	2	0	0	2	FAIL	1
roast/S02-types/pair.t	182	181	1	0	0	1	FAIL	1
roast/S02-types/parsing-bool.t	4	4	0	0	0	0	PASS	1
roast/S02-types/range-iterator.t	72	72	0	0	0	0	PASS	1
roast/S02-types/range.t	259	253	6	6	0	0	FAIL	1
roast/S02-types/resolved-in-setting.t	4	4	0	0	0	0	PASS	1
roast/S02-types/set-iterator.t	12	12	0	0	0	0	PASS	1
roast/S02-types/set.t	248	244	4	0	0	4	FAIL	1
roast/S02-types/sethash.t	284	284	0	0	0	0	PASS	1
roast/S02-types/sigils-and-types.t	26	24	2	0	0	2	FAIL	1
roast/S02-types/signed-unsigned-native.t	132	132	0	0	0	0	PASS	1
roast/S02-types/stash.t	1	1	0	0	0	0	PASS	1
roast/S02-types/subscripts_and_context.t	14	14	0	0	0	0	PASS	1
roast/S02-types/subset-6e.t	60	60	0	0	0	0	PASS	1
roast/S02-types/type.t	81	80	1	0	0	1	FAIL	1
roast/S02-types/undefined-types.t	49	45	4	0	0	4	FAIL	1
roast/S02-types/unicode.t	5	5	0	0	0	0	PASS	1
roast/S02-types/version-stress.t	2035	2035	0	0	0	0	PASS	1
roast/S02-types/version.t	45	45	0	0	0	0	PASS	1
roast/S02-types/whatever.t	131	128	3	0	0	3	FAIL	1
roast/S03-binding/arrays.t	48	48	0	0	0	0	PASS	1
roast/S03-binding/attributes.t	0	0	0	0	1	1	SORRY	1
roast/S03-binding/closure.t	0	0	0	0	1	1	SORRY	1
roast/S03-binding/hashes.t	37	37	0	0	0	0	PASS	1
roast/S03-binding/nested.t	43	43	0	0	0	0	PASS	1
roast/S03-binding/ro.t	0	0	0	0	1	1	SORRY	1
roast/S03-binding/scalars.t	0	0	0	0	1	1	SORRY	1
roast/S03-buf/read-int.t	2008	2008	0	0	0	0	PASS	1
roast/S03-buf/read-num.t	200	200	0	0	0	0	PASS	1
roast/S03-buf/read-write-bits.t	1590	1590	0	0	0	0	PASS	1
roast/S03-buf/write-int.t	2530	2530	0	0	0	0	PASS	1
roast/S03-buf/write-num.t	82	82	0	0	0	0	PASS	1
roast/S03-feeds/basic.t	0	0	0	0	1	1	SORRY	1
roast/S03-junctions/associative.t	10	10	0	0	0	0	PASS	1
roast/S03-junctions/autothreading.t	107	107	0	0	0	0	PASS	1
roast/S03-junctions/boolean-context.t	74	74	0	0	0	0	PASS	1
roast/S03-junctions/misc.t	155	155	0	0	0	0	PASS	1
roast/S03-metaops/cross.t	82	82	0	0	0	0	PASS	1
roast/S03-metaops/eager-hyper.t	8	8	0	0	0	0	PASS	1
roast/S03-metaops/hyper.t	420	337	1	0	0	1	FAIL	1
roast/S03-metaops/infix.t	5076	5076	0	0	0	0	PASS	1
roast/S03-metaops/misc.t	3	3	0	0	0	0	PASS	1
roast/S03-metaops/not.t	47	46	1	0	0	1	FAIL	1
roast/S03-metaops/reduce.t	580	580	0	0	0	0	PASS	1
roast/S03-metaops/reverse.t	72	72	0	0	0	0	PASS	1
roast/S03-metaops/zip.t	77	77	0	0	0	0	PASS	1
roast/S03-operators/adverbial-modifiers.t	42	41	1	0	0	1	FAIL	1
roast/S03-operators/also.t	8	4	4	0	0	4	FAIL	1
roast/S03-operators/andthen.t	14	14	0	0	0	0	PASS	1
roast/S03-operators/arith.t	162	162	0	0	0	0	PASS	1
roast/S03-operators/assign-is-not-binding.t	9	9	0	0	0	0	PASS	1
roast/S03-operators/assign.t	302	178	0	0	0	255	ABORT	1
roast/S03-operators/autoincrement-range.t	104	104	0	0	0	0	PASS	1
roast/S03-operators/autoincrement.t	79	79	0	0	0	0	PASS	1
roast/S03-operators/autovivification.t	23	23	0	0	0	0	PASS	1
roast/S03-operators/basic-types.t	19	19	0	0	0	0	PASS	1
roast/S03-operators/bit.t	49	49	0	0	0	0	PASS	1
roast/S03-operators/boolean-bitwise.t	45	45	0	0	0	0	PASS	1
roast/S03-operators/brainos.t	9	9	0	0	0	0	PASS	1
roast/S03-operators/buf.t	194	194	0	0	0	0	PASS	1
roast/S03-operators/chained-declarators.t	5	5	0	0	0	0	PASS	1
roast/S03-operators/cmp.t	64	64	0	0	0	0	PASS	1
roast/S03-operators/comparison-simple.t	24	24	0	0	0	0	PASS	1
roast/S03-operators/comparison.t	112	112	0	0	0	0	PASS	1
roast/S03-operators/composition.t	13	13	0	0	0	0	PASS	1
roast/S03-operators/context-forcers.t	103	103	0	0	0	0	PASS	1
roast/S03-operators/context.t	38	38	0	0	0	0	PASS	1
roast/S03-operators/custom.t	1	1	0	0	0	0	PASS	1
roast/S03-operators/div.t	8	8	0	0	0	0	PASS	1
roast/S03-operators/equality.t	46	46	0	0	0	0	PASS	1
roast/S03-operators/eqv.t	64	60	4	0	0	4	FAIL	1
roast/S03-operators/flip-flop.t	40	37	3	0	0	3	FAIL	1
roast/S03-operators/gcd.t	15	15	0	0	0	0	PASS	1
roast/S03-operators/identity.t	46	38	8	0	0	8	FAIL	1
roast/S03-operators/increment.t	41	41	0	0	0	0	PASS	1
roast/S03-operators/infixed-function.t	5	5	0	0	0	0	PASS	1
roast/S03-operators/inplace.t	38	9	0	0	0	255	ABORT	1
roast/S03-operators/is-divisible-by.t	16	15	1	0	0	1	FAIL	1
roast/S03-operators/lcm.t	15	15	0	0	0	0	PASS	1
roast/S03-operators/list-quote-junction.t	16	16	0	0	0	0	PASS	1
roast/S03-operators/minmax.t	39	38	1	0	0	1	FAIL	1
roast/S03-operators/misc.t	78	77	1	0	0	1	FAIL	1
roast/S03-operators/names.t	7	7	0	0	0	0	PASS	1
roast/S03-operators/nesting.t	26	26	0	0	0	0	PASS	1
roast/S03-operators/not.t	22	22	0	0	0	0	PASS	1
roast/S03-operators/notandthen.t	6	6	0	0	0	0	PASS	1
roast/S03-operators/numeric-shift.t	38	38	0	0	0	0	PASS	1
roast/S03-operators/orelse.t	16	16	0	0	0	0	PASS	1
roast/S03-operators/overflow.t	98	98	0	0	0	0	PASS	1
roast/S03-operators/precedence.t	0	0	0	0	1	1	SORRY	1
roast/S03-operators/range-basic.t	115	115	0	0	0	0	PASS	1
roast/S03-operators/range-int.t	507	507	0	0	0	0	PASS	1
roast/S03-operators/range.t	181	181	0	0	0	0	PASS	1
roast/S03-operators/reduce-le1arg.t	54	10	0	0	0	255	ABORT	1
roast/S03-operators/relational.t	179	179	0	0	0	0	PASS	1
roast/S03-operators/repeat.t	63	63	0	0	0	0	PASS	1
roast/S03-operators/scalar-assign.t	4	4	0	0	0	0	PASS	1
roast/S03-operators/set_addition.t	613	613	0	0	0	0	PASS	1
roast/S03-operators/set_difference.t	349	349	0	0	0	0	PASS	1
roast/S03-operators/set_elem.t	313	313	0	0	0	0	PASS	1
roast/S03-operators/set_equality.t	1636	1636	0	0	0	0	PASS	1
roast/S03-operators/set_intersection.t	579	579	0	0	0	0	PASS	1
roast/S03-operators/set_multiply.t	615	615	0	0	0	0	PASS	1
roast/S03-operators/set_proper_subset.t	1742	1742	0	0	0	0	PASS	1
roast/S03-operators/set_subset.t	1718	1718	0	0	0	0	PASS	1
roast/S03-operators/set_symmetric_difference.t	640	640	0	0	0	0	PASS	1
roast/S03-operators/set_union.t	472	472	0	0	0	0	PASS	1
roast/S03-operators/short-circuit.t	84	84	0	0	0	0	PASS	1
roast/S03-operators/so.t	15	15	0	0	0	0	PASS	1
roast/S03-operators/spaceship-and-containers.t	6	6	0	0	0	0	PASS	1
roast/S03-operators/spaceship.t	7	7	0	0	0	0	PASS	1
roast/S03-operators/subscript-adverbs.t	110	110	0	0	0	0	PASS	1
roast/S03-operators/subscript-vs-lt.t	4	4	0	0	0	0	PASS	1
roast/S03-operators/ternary.t	28	28	0	0	0	0	PASS	1
roast/S03-operators/u2212-minus.t	54	54	0	0	0	0	PASS	1
roast/S03-operators/value_equivalence.t	59	59	0	0	0	0	PASS	1
roast/S03-sequence/arity-2-or-more.t	20	20	0	0	0	0	PASS	1
roast/S03-sequence/arity0.t	13	13	0	0	0	0	PASS	1
roast/S03-sequence/basic.t	143	143	0	0	0	0	PASS	1
roast/S03-sequence/exhaustive.t	124	124	0	0	0	0	PASS	1
roast/S03-sequence/limit-arity-2-or-more.t	8	8	0	0	0	0	PASS	1
roast/S03-sequence/misc.t	32	32	0	0	0	0	PASS	1
roast/S03-sequence/nonnumeric.t	44	0	0	0	0	124	TIMEOUT	1
roast/S03-smartmatch/00-sanity.t	2	2	0	0	0	0	PASS	1
roast/S03-smartmatch/any-any.t	8	8	0	0	0	0	PASS	1
roast/S03-smartmatch/any-bool.t	8	8	0	0	0	0	PASS	1
roast/S03-smartmatch/any-callable.t	7	7	0	0	0	0	PASS	1
roast/S03-smartmatch/any-complex.t	12	12	0	0	0	0	PASS	1
roast/S03-smartmatch/any-hash-pair.t	7	7	0	0	0	0	PASS	1
roast/S03-smartmatch/any-method.t	4	4	0	0	0	0	PASS	1
roast/S03-smartmatch/any-num.t	21	21	0	0	0	0	PASS	1
roast/S03-smartmatch/any-pair.t	14	14	0	0	0	0	PASS	1
roast/S03-smartmatch/any-str.t	5	5	0	0	0	0	PASS	1
roast/S03-smartmatch/any-sub.t	8	8	0	0	0	0	PASS	1
roast/S03-smartmatch/any-type.t	4	4	0	0	0	0	PASS	1
roast/S03-smartmatch/array-array.t	73	73	0	0	0	0	PASS	1
roast/S03-smartmatch/array-hash.t	6	6	0	0	0	0	PASS	1
roast/S03-smartmatch/array-map.t	6	6	0	0	0	0	PASS	1
roast/S03-smartmatch/capture-signature.t	8	8	0	0	0	0	PASS	1
roast/S03-smartmatch/disorganized.t	42	42	0	0	0	0	PASS	1
roast/S03-smartmatch/hash-hash.t	20	20	0	0	0	0	PASS	1
roast/S03-smartmatch/range-range.t	20	20	0	0	0	0	PASS	1
roast/S03-smartmatch/regex-hash.t	4	4	0	0	0	0	PASS	1
roast/S03-smartmatch/scalar-hash.t	3	3	0	0	0	0	PASS	1
roast/S03-smartmatch/signature-signature.t	38	30	0	0	0	255	ABORT	1
roast/S04-blocks-and-statements/let.t	15	15	0	0	0	0	PASS	1
roast/S04-blocks-and-statements/pointy-rw.t	10	10	0	0	0	0	PASS	1
roast/S04-blocks-and-statements/pointy.t	21	20	1	0	0	1	FAIL	1
roast/S04-blocks-and-statements/temp.t	46	38	8	0	0	8	FAIL	1
roast/S04-declarations/constant-6.d.t	25	25	0	0	0	0	PASS	1
roast/S04-declarations/constant.t	72	68	4	0	0	4	FAIL	1
roast/S04-declarations/implicit-parameter.t	20	20	0	0	0	0	PASS	1
roast/S04-declarations/multiple.t	8	8	0	0	0	0	PASS	1
roast/S04-declarations/my-6e.t	109	108	1	0	0	1	FAIL	1
roast/S04-declarations/our.t	31	31	0	0	0	0	PASS	1
roast/S04-declarations/smiley.t	66	65	1	1	0	0	FAIL	1
roast/S04-declarations/state.t	46	45	1	0	0	1	FAIL	1
roast/S04-declarations/will.t	19	0	0	0	1	255	SORRY	1
roast/S04-exception-handlers/catch.t	33	33	0	0	0	0	PASS	1
roast/S04-exception-handlers/control.t	17	17	0	0	0	0	PASS	1
roast/S04-exception-handlers/top-level.t	1	1	0	0	0	0	PASS	1
roast/S04-exceptions/control_across_runloop.t	1	1	0	0	0	0	PASS	1
roast/S04-exceptions/exceptions-alternatives.t	3	3	0	0	0	0	PASS	1
roast/S04-exceptions/fail-6e.t	3	3	0	0	0	0	PASS	1
roast/S04-exceptions/fail.t	40	40	0	0	0	0	PASS	1
roast/S04-exceptions/pending.t	21	1	0	0	0	255	ABORT	1
roast/S04-phasers/ascending-order.t	7	7	0	0	0	0	PASS	1
roast/S04-phasers/begin.t	13	12	1	0	0	1	FAIL	1
roast/S04-phasers/check.t	5	5	0	0	0	0	PASS	1
roast/S04-phasers/descending-order.t	7	7	0	0	0	0	PASS	1
roast/S04-phasers/end.t	8	8	0	0	0	0	PASS	1
roast/S04-phasers/enter-leave.t	36	10	0	0	0	255	ABORT	1
roast/S04-phasers/exit-in-check.t	2	1	0	0	0	0	ABORT	1
roast/S04-phasers/first.t	7	7	0	0	0	0	PASS	1
roast/S04-phasers/in-eval.t	35	34	1	0	0	1	FAIL	1
roast/S04-phasers/in-loop.t	21	18	3	0	0	3	FAIL	1
roast/S04-phasers/init.t	13	13	0	0	0	0	PASS	1
roast/S04-phasers/interpolate.t	5	5	0	0	0	0	PASS	1
roast/S04-phasers/keep-undo.t	16	16	0	0	0	0	PASS	1
roast/S04-phasers/multiple.t	2	2	0	0	0	0	PASS	1
roast/S04-phasers/next.t	16	14	2	0	0	2	FAIL	1
roast/S04-phasers/pre-post.t	22	20	2	0	0	2	FAIL	1
roast/S04-phasers/rvalue.t	16	16	0	0	0	0	PASS	1
roast/S04-statement-modifiers/for.t	31	31	0	0	0	0	PASS	1
roast/S04-statement-modifiers/given.t	12	12	0	0	0	0	PASS	1
roast/S04-statement-modifiers/if.t	16	16	0	0	0	0	PASS	1
roast/S04-statement-modifiers/unless.t	10	10	0	0	0	0	PASS	1
roast/S04-statement-modifiers/until.t	5	5	0	0	0	0	PASS	1
roast/S04-statement-modifiers/values_in_bool_context.t	24	24	0	0	0	0	PASS	1
roast/S04-statement-modifiers/while.t	6	6	0	0	0	0	PASS	1
roast/S04-statement-modifiers/with.t	35	35	0	0	0	0	PASS	1
roast/S04-statement-modifiers/without.t	9	9	0	0	0	0	PASS	1
roast/S04-statement-parsing/hash.t	8	8	0	0	0	0	PASS	1
roast/S04-statements/do.t	32	19	0	0	1	255	SORRY	1
roast/S04-statements/for-scope.t	16	16	0	0	0	0	PASS	1
roast/S04-statements/for.t	111	110	1	0	0	1	FAIL	1
roast/S04-statements/for_with_only_one_item.t	12	12	0	0	0	0	PASS	1
roast/S04-statements/gather.t	39	37	2	0	0	2	FAIL	1
roast/S04-statements/given.t	54	54	0	0	0	0	PASS	1
roast/S04-statements/goto.t	13	0	0	0	0	255	NOPLAN	1
roast/S04-statements/if.t	44	44	0	0	0	0	PASS	1
roast/S04-statements/label.t	13	13	0	0	0	0	PASS	1
roast/S04-statements/last.t	9	9	0	0	0	0	PASS	1
roast/S04-statements/lazy.t	10	0	0	0	0	255	NOPLAN	1
roast/S04-statements/leave.t	23	0	0	0	0	255	NOPLAN	1
roast/S04-statements/loop.t	18	18	0	0	0	0	PASS	1
roast/S04-statements/map-and-sort-in-for.t	4	4	0	0	0	0	PASS	1
roast/S04-statements/next.t	12	12	0	0	0	0	PASS	1
roast/S04-statements/no-implicit-block.t	12	12	0	0	0	0	PASS	1
roast/S04-statements/once.t	24	24	0	0	0	0	PASS	1
roast/S04-statements/quietly.t	4	4	0	0	0	0	PASS	1
roast/S04-statements/redo.t	12	12	0	0	0	0	PASS	1
roast/S04-statements/repeat.t	21	21	0	0	0	0	PASS	1
roast/S04-statements/return.t	26	26	0	0	0	0	PASS	1
roast/S04-statements/sink.t	10	10	0	0	0	0	PASS	1
roast/S04-statements/terminator.t	20	20	0	0	0	0	PASS	1
roast/S04-statements/try.t	40	40	0	0	0	0	PASS	1
roast/S04-statements/unless.t	10	10	0	0	0	0	PASS	1
roast/S04-statements/until.t	4	4	0	0	0	0	PASS	1
roast/S04-statements/when.t	26	26	0	0	0	0	PASS	1
roast/S04-statements/while.t	31	31	0	0	0	0	PASS	1
roast/S04-statements/with.t	81	81	0	0	0	0	PASS	1
roast/S05-capture/alias.t	0	0	0	0	1	1	SORRY	1
roast/S05-capture/array-alias.t	0	0	0	0	1	1	SORRY	1
roast/S05-capture/caps.t	43	43	0	0	0	0	PASS	1
roast/S05-capture/dot.t	61	55	6	0	0	6	FAIL	1
roast/S05-capture/hash.t	0	0	0	0	1	1	SORRY	0
roast/S05-capture/match-object.t	47	45	2	0	0	2	FAIL	1
roast/S05-capture/named.t	11	5	0	0	0	255	ABORT	1
roast/S05-capture/subrule.t	46	46	0	0	0	0	PASS	1
roast/S05-grammar/action-stubs.t	27	27	0	0	0	0	PASS	1
roast/S05-grammar/example.t	10	5	0	0	0	255	ABORT	1
roast/S05-grammar/inheritance.t	37	36	1	0	0	1	FAIL	1
roast/S05-grammar/namespace-6e.t	1	1	0	0	0	0	PASS	1
roast/S05-grammar/namespace.t	5	5	0	0	0	0	PASS	1
roast/S05-grammar/parse_and_parsefile-6e.t	24	24	0	0	0	0	PASS	1
roast/S05-grammar/polymorphism.t	28	28	0	0	0	0	PASS	1
roast/S05-grammar/protoregex.t	30	28	2	0	0	2	FAIL	1
roast/S05-grammar/protos.t	4	4	0	0	0	0	PASS	1
roast/S05-grammar/signatures.t	10	10	0	0	0	0	PASS	1
roast/S05-grammar/ws.t	12	10	0	0	0	124	TIMEOUT	1
roast/S05-interpolation/lexicals.t	14	14	0	0	0	0	PASS	1
roast/S05-interpolation/regex-in-variable.t	66	65	1	0	0	1	FAIL	1
roast/S05-mass/charsets.t	17	17	0	0	0	0	PASS	1
roast/S05-mass/named-chars.t	431	431	0	0	0	0	PASS	1
roast/S05-mass/properties-block.t	670	670	0	0	0	0	PASS	1
roast/S05-mass/properties-contributory.t	41	41	0	0	0	0	PASS	1
roast/S05-mass/properties-derived.t	213	213	0	0	0	0	PASS	1
roast/S05-mass/properties-general.t	615	614	1	0	0	1	FAIL	1
roast/S05-mass/properties-script.t	360	360	0	0	0	0	PASS	1
roast/S05-mass/recursive.t	20	20	0	0	0	0	PASS	1
roast/S05-mass/rx.t	0	0	0	0	1	1	SORRY	0
roast/S05-mass/stdrules.t	193	193	0	0	0	0	PASS	1
roast/S05-match/arrayhash.t	9	9	0	0	0	0	PASS	1
roast/S05-match/basics.t	2	2	0	0	0	0	PASS	1
roast/S05-match/blocks.t	19	18	1	0	0	1	FAIL	1
roast/S05-match/capturing-contexts.t	64	62	2	0	0	2	FAIL	1
roast/S05-match/make.t	9	9	0	0	0	0	PASS	1
roast/S05-match/non-capturing.t	9	9	0	0	0	0	PASS	1
roast/S05-match/positions.t	13	13	0	0	0	0	PASS	1
roast/S05-match/raku.t	0	0	0	0	1	1	SORRY	1
roast/S05-metachars/closure.t	12	2	0	0	0	255	ABORT	1
roast/S05-metachars/line-anchors.t	24	24	0	0	0	0	PASS	1
roast/S05-metachars/newline.t	15	15	0	0	0	0	PASS	1
roast/S05-metachars/tilde.t	30	30	0	0	0	0	PASS	1
roast/S05-metasyntax/angle-brackets.t	0	0	0	0	1	1	SORRY	0
roast/S05-metasyntax/assertions.t	4	4	0	0	0	0	PASS	1
roast/S05-metasyntax/changed.t	12	12	0	0	0	0	PASS	1
roast/S05-metasyntax/charset.t	55	55	0	0	0	0	PASS	1
roast/S05-metasyntax/delimiters.t	21	21	0	0	0	0	PASS	1
roast/S05-metasyntax/interpolating-closure.t	10	9	1	0	0	1	FAIL	1
roast/S05-metasyntax/litvar.t	33	33	0	0	0	0	PASS	1
roast/S05-metasyntax/longest-alternative.t	0	0	0	0	1	1	SORRY	0
roast/S05-metasyntax/lookaround.t	15	15	0	0	0	0	PASS	1
roast/S05-metasyntax/null.t	4	4	0	0	0	0	PASS	1
roast/S05-metasyntax/proto-token-ltm.t	10	10	0	0	0	0	PASS	1
roast/S05-metasyntax/regex.t	55	55	0	0	0	0	PASS	1
roast/S05-metasyntax/repeat.t	46	46	0	0	0	0	PASS	1
roast/S05-metasyntax/sequential-alternation.t	14	14	0	0	0	0	PASS	1
roast/S05-metasyntax/single-quotes.t	30	30	0	0	0	0	PASS	1
roast/S05-metasyntax/unicode-property-pair.t	6	6	0	0	0	0	PASS	1
roast/S05-metasyntax/unknown.t	13	12	1	0	0	1	FAIL	1
roast/S05-modifier/Perl_0.t	24	20	4	0	0	4	FAIL	1
roast/S05-modifier/Perl_1.t	100	100	0	0	0	0	PASS	1
roast/S05-modifier/Perl_10.t	1	1	0	0	0	0	PASS	1
roast/S05-modifier/Perl_2.t	100	100	0	0	0	0	PASS	1
roast/S05-modifier/Perl_3.t	100	100	0	0	0	0	PASS	1
roast/S05-modifier/Perl_4.t	100	100	0	0	0	0	PASS	1
roast/S05-modifier/Perl_5.t	102	88	4	0	0	124	TIMEOUT	1
roast/S05-modifier/Perl_6.t	104	89	15	0	0	15	FAIL	1
roast/S05-modifier/Perl_7.t	100	100	0	0	0	0	PASS	1
roast/S05-modifier/Perl_8.t	0	0	0	0	1	1	SORRY	1
roast/S05-modifier/Perl_9.t	84	75	9	0	0	9	FAIL	1
roast/S05-modifier/continue.t	14	14	0	0	0	0	PASS	1
roast/S05-modifier/counted-match.t	28	28	0	0	0	0	PASS	1
roast/S05-modifier/counted.t	126	126	0	0	0	0	PASS	1
roast/S05-modifier/exhaustive.t	104	104	0	0	0	0	PASS	1
roast/S05-modifier/global.t	9	9	0	0	0	0	PASS	1
roast/S05-modifier/ignorecase-and-ignoremark.t	24	24	0	0	0	0	PASS	1
roast/S05-modifier/ignorecase.t	101	98	3	0	0	3	FAIL	1
roast/S05-modifier/ignoremark.t	45	45	0	0	0	0	PASS	1
roast/S05-modifier/ii.t	23	23	0	0	0	0	PASS	1
roast/S05-modifier/my.t	24	22	2	0	0	2	FAIL	1
roast/S05-modifier/overlapping.t	22	22	0	0	0	0	PASS	1
roast/S05-modifier/pos.t	40	37	3	0	0	3	FAIL	1
roast/S05-modifier/ratchet.t	5	4	1	0	0	1	FAIL	1
roast/S05-modifier/repetition-exhaustive.t	5	4	1	0	0	1	FAIL	1
roast/S05-modifier/repetition.t	12	12	0	0	0	0	PASS	1
roast/S05-modifier/samemark.t	8	8	0	0	0	0	PASS	1
roast/S05-modifier/sigspace.t	19	19	0	0	0	0	PASS	1
roast/S05-nonstrings/basic.t	0	0	0	0	1	1	SORRY	0
roast/S05-substitution/67222.t	1	1	0	0	0	0	PASS	1
roast/S05-substitution/match.t	18	18	0	0	0	0	PASS	1
roast/S05-substitution/subst.t	191	189	2	0	0	2	FAIL	1
roast/S05-syntactic-categories/new-symbols.t	0	0	0	0	1	1	SORRY	1
roast/S05-transliteration/79778.t	1	1	0	0	0	0	PASS	1
roast/S05-transliteration/trans-TR-operator.t	12	12	0	0	0	0	PASS	1
roast/S05-transliteration/trans-tr-lowercase-operator.t	13	13	0	0	0	0	PASS	1
roast/S05-transliteration/trans.t	70	46	0	0	1	255	SORRY	1
roast/S05-transliteration/with-closure.t	18	18	0	0	0	0	PASS	1
roast/S06-advanced/caller.t	0	0	0	0	1	1	SORRY	0
roast/S06-advanced/callframe.t	22	3	0	0	0	255	ABORT	1
roast/S06-advanced/callsame.t	3	3	0	0	0	0	PASS	1
roast/S06-advanced/dispatching.t	8	3	0	0	0	1	ABORT	1
roast/S06-advanced/lexical-subs.t	13	13	0	0	0	0	PASS	1
roast/S06-advanced/recurse.t	13	13	0	0	0	0	PASS	1
roast/S06-advanced/return-prioritization.t	11	11	0	0	0	0	PASS	0
roast/S06-advanced/return.t	109	106	1	0	0	1	FAIL	1
roast/S06-advanced/return_function.t	0	0	0	0	1	1	SORRY	0
roast/S06-advanced/stub.t	13	8	0	0	1	255	SORRY	1
roast/S06-advanced/wrap.t	90	87	3	0	0	3	FAIL	1
roast/S06-currying/assuming-and-mmd.t	11	11	0	0	0	0	PASS	1
roast/S06-currying/misc.t	17	5	0	0	0	255	ABORT	1
roast/S06-currying/named.t	28	27	1	0	0	1	FAIL	1
roast/S06-currying/positional.t	166	166	0	0	0	0	PASS	1
roast/S06-currying/slurpy.t	32	32	0	0	0	0	PASS	1
roast/S06-multi/by-trait.t	13	13	0	0	0	0	PASS	1
roast/S06-multi/compile-time.t	2	2	0	0	0	0	PASS	1
roast/S06-multi/lexical-multis.t	15	14	1	0	0	1	FAIL	1
roast/S06-multi/positional-vs-named.t	31	31	0	0	0	0	PASS	1
roast/S06-multi/proto.t	27	26	1	0	0	1	FAIL	1
roast/S06-multi/redispatch.t	14	14	0	0	0	0	PASS	1
roast/S06-multi/subsignature.t	95	87	8	0	0	8	FAIL	1
roast/S06-multi/syntax.t	45	45	0	0	0	0	PASS	1
roast/S06-multi/type-based.t	68	64	4	0	0	4	FAIL	1
roast/S06-multi/unpackability.t	12	12	0	0	0	0	PASS	1
roast/S06-multi/value-based.t	13	13	0	0	0	0	PASS	1
roast/S06-operator-overloading/circumfix.t	14	14	0	0	0	0	PASS	1
roast/S06-operator-overloading/imported-subs.t	20	20	0	0	0	0	PASS	1
roast/S06-operator-overloading/infix.t	0	0	0	0	1	1	SORRY	1
roast/S06-operator-overloading/methods.t	3	2	1	0	0	1	FAIL	1
roast/S06-operator-overloading/prefix.t	10	10	0	0	0	0	PASS	1
roast/S06-operator-overloading/semicolon.t	3	3	0	0	0	0	PASS	1
roast/S06-operator-overloading/sub.t	0	0	0	0	1	1	SORRY	1
roast/S06-operator-overloading/term.t	10	10	0	0	0	0	PASS	1
roast/S06-operator-overloading/workout.t	84	84	0	0	0	0	PASS	1
roast/S06-other/anon-hashes-vs-blocks.t	26	26	0	0	0	0	PASS	1
roast/S06-other/introspection.t	20	20	0	0	0	0	PASS	1
roast/S06-other/main-eval.t	3	3	0	0	0	0	PASS	1
roast/S06-other/main-semicolon.t	10	10	0	0	0	0	PASS	1
roast/S06-other/main-usage.t	48	47	1	0	0	1	FAIL	1
roast/S06-other/main.t	23	23	0	0	0	0	PASS	1
roast/S06-other/misc.t	16	16	0	0	0	0	PASS	1
roast/S06-other/pairs-as-lvalues.t	5	5	0	0	0	0	PASS	1
roast/S06-parameters/smiley.t	0	0	0	0	1	1	SORRY	1
roast/S06-routine-modifiers/lvalue-subroutines.t	14	14	0	0	0	0	PASS	1
roast/S06-routine-modifiers/native-lvalue-subroutines.t	18	18	0	0	0	0	PASS	1
roast/S06-routine-modifiers/proxy.t	26	26	0	0	0	0	PASS	1
roast/S06-routine-modifiers/scoped-named-subs.t	13	13	0	0	0	0	PASS	1
roast/S06-signature/arity.t	56	56	0	0	0	0	PASS	1
roast/S06-signature/closure-over-parameters.t	4	4	0	0	0	0	PASS	1
roast/S06-signature/closure-parameters.t	28	28	0	0	0	0	PASS	1
roast/S06-signature/code.t	8	7	1	0	0	1	FAIL	1
roast/S06-signature/defaults.t	17	17	0	0	0	0	PASS	1
roast/S06-signature/definite-return.t	0	0	0	0	1	1	SORRY	1
roast/S06-signature/errors.t	25	25	0	0	0	0	PASS	1
roast/S06-signature/introspection.t	154	31	1	0	0	1	FAIL	1
roast/S06-signature/mixed-placeholders.t	18	18	0	0	0	0	PASS	1
roast/S06-signature/multi-invocant.t	25	25	0	0	0	0	PASS	1
roast/S06-signature/multidimensional.t	10	10	0	0	0	0	PASS	1
roast/S06-signature/multiple-signatures.t	0	0	0	0	1	1	SORRY	1
roast/S06-signature/named-parameters.t	0	0	0	0	1	1	SORRY	1
roast/S06-signature/named-placeholders.t	4	4	0	0	0	0	PASS	1
roast/S06-signature/named-renaming.t	11	11	0	0	0	0	PASS	1
roast/S06-signature/optional.t	35	35	0	0	0	0	PASS	1
roast/S06-signature/outside-subroutine.t	0	0	0	0	1	1	SORRY	1
roast/S06-signature/passing-arrays.t	12	12	0	0	0	0	PASS	1
roast/S06-signature/passing-hashes.t	3	3	0	0	0	0	PASS	1
roast/S06-signature/positional-placeholders.t	12	12	0	0	0	0	PASS	1
roast/S06-signature/positional.t	13	13	0	0	0	0	PASS	1
roast/S06-signature/scalar-type.t	8	8	0	0	0	0	PASS	1
roast/S06-signature/shape.t	37	37	0	0	0	0	PASS	1
roast/S06-signature/sigilless.t	10	10	0	0	0	0	PASS	1
roast/S06-signature/slurpy-and-interpolation.t	13	13	0	0	0	0	PASS	1
roast/S06-signature/slurpy-blocks.t	0	0	0	0	1	1	SORRY	1
roast/S06-signature/slurpy-params.t	86	86	0	0	0	0	PASS	1
roast/S06-signature/slurpy-placeholders.t	8	8	0	0	0	0	PASS	1
roast/S06-signature/sub-ref.t	30	28	2	0	0	2	FAIL	1
roast/S06-signature/tree-node-parameters.t	20	16	0	0	0	255	ABORT	1
roast/S06-signature/type-capture.t	17	17	0	0	0	0	PASS	1
roast/S06-signature/types.t	19	19	0	0	0	0	PASS	1
roast/S06-signature/unpack-array.t	15	15	0	0	0	0	PASS	1
roast/S06-signature/unpack-object.t	4	4	0	0	0	0	PASS	1
roast/S06-signature/unspecified.t	19	19	0	0	0	0	PASS	1
roast/S06-traits/as.t	5	5	0	0	0	0	PASS	1
roast/S06-traits/is-assoc.t	0	0	0	0	1	1	SORRY	1
roast/S06-traits/is-copy.t	29	29	0	0	0	0	PASS	1
roast/S06-traits/is-readonly.t	1	1	0	0	0	0	PASS	1
roast/S06-traits/is-rw.t	9	9	0	0	0	0	PASS	1
roast/S06-traits/misc.t	23	21	2	0	0	2	FAIL	1
roast/S06-traits/native-is-copy.t	15	15	0	0	0	0	PASS	1
roast/S06-traits/native-is-rw.t	48	48	0	0	0	0	PASS	1
roast/S06-traits/precedence.t	15	14	1	0	0	1	FAIL	1
roast/S06-traits/slurpy-is-rw.t	3	3	0	0	0	0	PASS	1
roast/S07-hyperrace/basics.t	90	90	0	0	0	0	PASS	1
roast/S07-hyperrace/for.t	6	6	0	0	0	0	PASS	1
roast/S07-hyperrace/stress.t	10	10	0	0	0	0	PASS	1
roast/S07-iterationbuffer/iterationbuffer.t	34	34	0	0	0	0	PASS	1
roast/S07-iterators/range-iterator.t	103	9	0	0	0	255	ABORT	1
roast/S07-slip/slip.t	25	25	0	0	0	0	PASS	1
roast/S09-autovivification/autoincrement.t	7	7	0	0	0	0	PASS	1
roast/S09-autovivification/autovivification.t	44	12	0	0	0	255	ABORT	1
roast/S09-hashes/objecthash.t	62	62	0	0	0	0	PASS	1
roast/S09-multidim/XX-POS-on-dimensioned.t	69	69	0	0	0	0	PASS	1
roast/S09-multidim/XX-POS-on-undimensioned.t	51	51	0	0	0	0	PASS	1
roast/S09-multidim/assign.t	59	59	0	0	0	0	PASS	1
roast/S09-multidim/decl.t	39	39	0	0	0	0	PASS	1
roast/S09-multidim/indexing.t	32	29	3	0	0	3	FAIL	1
roast/S09-multidim/methods.t	82	82	0	0	0	0	PASS	1
roast/S09-multidim/subs.t	44	44	0	0	0	0	PASS	1
roast/S09-subscript/multidim-assignment.t	11	11	0	0	0	0	PASS	1
roast/S09-subscript/slice.t	56	21	1	0	0	1	FAIL	1
roast/S09-typed-arrays/arrays.t	0	0	0	0	1	1	SORRY	1
roast/S09-typed-arrays/hashes.t	47	46	1	0	0	1	FAIL	1
roast/S09-typed-arrays/native-decl.t	14	14	0	0	0	0	PASS	1
roast/S09-typed-arrays/native-int.t	1840	1840	0	0	0	0	PASS	1
roast/S09-typed-arrays/native-num.t	518	509	9	0	0	9	FAIL	1
roast/S09-typed-arrays/native-shape1-int.t	1110	1070	40	0	0	40	FAIL	1
roast/S09-typed-arrays/native-shape1-num.t	333	321	12	0	0	12	FAIL	1
roast/S09-typed-arrays/native-shape1-str.t	112	108	4	0	0	4	FAIL	1
roast/S09-typed-arrays/native-str.t	191	18	0	0	0	255	ABORT	1
roast/S09-typed-arrays/native.t	12	12	0	0	0	0	PASS	1
roast/S10-packages/basic.t	83	6	0	0	0	255	ABORT	0
roast/S10-packages/export.t	7	7	0	0	0	0	PASS	1
roast/S10-packages/joined-namespaces.t	3	3	0	0	0	0	PASS	1
roast/S10-packages/nested-use.t	9	9	0	0	0	0	PASS	1
roast/S10-packages/precompilation.t	51	46	0	0	0	124	TIMEOUT	1
roast/S10-packages/require-and-use--dead-file.t	18	2	14	0	1	14	SORRY	0
roast/S10-packages/require-and-use.t	4	4	0	0	0	0	PASS	1
roast/S10-packages/scope.t	24	24	0	0	0	0	PASS	1
roast/S10-packages/use-with-class.t	10	10	0	0	0	0	PASS	1
roast/S11-compunit/compunit-dependencyspecification.t	6	6	0	0	0	0	PASS	1
roast/S11-compunit/compunit-repository.t	9	9	0	0	0	0	PASS	1
roast/S11-compunit/rt126904.t	1	1	0	0	0	0	PASS	1
roast/S11-modules/export.t	59	26	0	0	0	255	ABORT	1
roast/S11-modules/gh2979.t	8	8	0	0	0	0	PASS	1
roast/S11-modules/import-multi.t	0	0	0	0	1	1	SORRY	1
roast/S11-modules/import-tag.t	12	12	0	0	0	0	PASS	1
roast/S11-modules/import.t	0	0	0	0	1	1	SORRY	1
roast/S11-modules/importing.t	18	18	0	0	0	0	PASS	1
roast/S11-modules/lexical.t	3	3	0	0	0	0	PASS	1
roast/S11-modules/module-file.t	4	4	0	0	0	0	PASS	1
roast/S11-modules/module.t	8	8	0	0	0	0	PASS	1
roast/S11-modules/need.t	2	2	0	0	0	0	PASS	1
roast/S11-modules/nested.t	11	11	0	0	0	0	PASS	1
roast/S11-modules/rakulib.t	1	1	0	0	0	0	PASS	1
roast/S11-modules/re-export.t	0	0	0	0	2	1	SORRY	1
roast/S11-modules/require.t	58	58	0	0	0	0	PASS	1
roast/S11-modules/runtime.t	1	1	0	0	0	0	PASS	1
roast/S11-modules/versioning.t	9	9	0	0	0	0	PASS	1
roast/S11-repository/cur-candidates.t	54	54	0	0	0	0	PASS	1
roast/S11-repository/cur-current-distribution.t	3	3	0	0	0	0	PASS	1
roast/S11-repository/curli-install.t	19	19	0	0	0	0	PASS	1
roast/S12-attributes/augment-and-initialization.t	8	2	0	0	0	255	ABORT	1
roast/S12-attributes/class.t	28	28	0	0	0	0	PASS	1
roast/S12-attributes/clone.t	44	44	0	0	0	0	PASS	1
roast/S12-attributes/defaults.t	38	38	0	0	0	0	PASS	1
roast/S12-attributes/delegation.t	62	62	0	0	0	0	PASS	1
roast/S12-attributes/inheritance.t	7	7	0	0	0	0	PASS	1
roast/S12-attributes/instance.t	0	0	0	0	1	1	SORRY	1
roast/S12-attributes/mutators.t	14	10	1	0	0	1	FAIL	1
roast/S12-attributes/native.t	49	49	0	0	0	0	PASS	1
roast/S12-attributes/recursive.t	23	23	0	0	0	0	PASS	1
roast/S12-attributes/smiley.t	54	49	5	0	0	5	FAIL	1
roast/S12-attributes/trusts.t	0	0	0	0	1	1	SORRY	0
roast/S12-attributes/undeclared.t	11	11	0	0	0	0	PASS	1
roast/S12-class/anonymous.t	18	17	1	0	0	1	FAIL	1
roast/S12-class/attributes-required.t	11	11	0	0	0	0	PASS	1
roast/S12-class/attributes.t	44	44	0	0	0	0	PASS	1
roast/S12-class/augment-supersede.t	0	0	0	0	1	1	SORRY	1
roast/S12-class/basic.t	43	43	0	0	0	0	PASS	1
roast/S12-class/declaration-order.t	2	2	0	0	0	0	PASS	1
roast/S12-class/extending-arrays.t	13	13	0	0	0	0	PASS	1
roast/S12-class/inheritance-class-methods.t	5	5	0	0	0	0	PASS	1
roast/S12-class/inheritance.t	41	41	0	0	0	0	PASS	1
roast/S12-class/instantiate.t	7	6	1	0	0	1	FAIL	1
roast/S12-class/interface-consistency.t	10	10	0	0	0	0	PASS	1
roast/S12-class/lexical.t	14	14	0	0	0	0	PASS	1
roast/S12-class/literal.t	2	2	0	0	0	0	PASS	1
roast/S12-class/magical-vars.t	18	18	0	0	0	0	PASS	1
roast/S12-class/mro-6e.t	1	1	0	0	0	0	PASS	1
roast/S12-class/namespaced.t	14	14	0	0	0	0	PASS	1
roast/S12-class/open.t	10	10	0	0	0	0	PASS	1
roast/S12-class/open_closed.t	0	0	0	0	1	1	SORRY	0
roast/S12-class/parent_attributes.t	0	0	0	0	1	1	SORRY	1
roast/S12-class/rw.t	3	3	0	0	0	0	PASS	1
roast/S12-class/self-inheritance.t	2	2	0	0	0	0	PASS	1
roast/S12-class/stubs.t	9	8	1	0	0	1	FAIL	1
roast/S12-class/type-object.t	6	6	0	0	0	0	PASS	1
roast/S12-coercion/coercion-methods.t	2	2	0	0	0	0	PASS	1
roast/S12-coercion/coercion-return.t	5	5	0	0	0	0	PASS	1
roast/S12-coercion/coercion-types.t	36	36	0	0	0	0	PASS	1
roast/S12-coercion/parameterized.t	2	2	0	0	0	0	PASS	1
roast/S12-construction/BUILD.t	14	13	1	0	0	1	FAIL	1
roast/S12-construction/TWEAK.t	4	4	0	0	0	0	PASS	1
roast/S12-construction/autopairs.t	4	4	0	0	0	0	PASS	1
roast/S12-construction/construction.t	22	22	0	0	0	0	PASS	1
roast/S12-construction/destruction.t	6	6	0	0	0	0	PASS	1
roast/S12-construction/named-params-in-BUILD.t	4	4	0	0	0	0	PASS	1
roast/S12-construction/new.t	0	0	0	0	1	1	SORRY	1
roast/S12-construction/roles-6e.t	3	3	0	0	0	0	PASS	1
roast/S12-enums/anonymous.t	10	10	0	0	0	0	PASS	1
roast/S12-enums/as-role.t	9	9	0	0	0	0	PASS	1
roast/S12-enums/basic.t	54	49	5	0	0	5	FAIL	1
roast/S12-enums/misc.t	28	28	0	0	0	0	PASS	1
roast/S12-enums/non-int.t	6	5	1	0	0	1	FAIL	1
roast/S12-enums/pseudo-functional.t	11	11	0	0	0	0	PASS	1
roast/S12-enums/thorough.t	61	9	9	0	0	9	FAIL	1
roast/S12-introspection/WHAT.t	37	37	0	0	0	0	PASS	1
roast/S12-introspection/attributes.t	45	21	0	0	0	255	ABORT	1
roast/S12-introspection/can.t	29	29	0	0	0	0	PASS	1
roast/S12-introspection/definite.t	7	7	0	0	0	0	PASS	1
roast/S12-introspection/meta-class.t	19	19	0	0	0	0	PASS	1
roast/S12-introspection/methods.t	57	24	0	0	0	255	ABORT	1
roast/S12-introspection/parents.t	59	59	0	0	0	0	PASS	1
roast/S12-introspection/roles.t	15	15	0	0	0	0	PASS	1
roast/S12-introspection/walk.t	3	3	0	0	0	0	PASS	1
roast/S12-meta/classhow.t	7	7	0	0	0	0	PASS	1
roast/S12-meta/exporthow.t	12	2	0	0	0	255	ABORT	0
roast/S12-meta/grammarhow.t	1	1	0	0	0	0	PASS	1
roast/S12-meta/primitives.t	21	21	0	0	0	0	PASS	1
roast/S12-methods/accessors.t	11	10	1	0	0	1	FAIL	1
roast/S12-methods/attribute-params.t	21	21	0	0	0	0	PASS	1
roast/S12-methods/calling_sets.t	38	38	0	0	0	0	PASS	1
roast/S12-methods/calling_syntax.t	12	12	0	0	0	0	PASS	1
roast/S12-methods/chaining.t	17	17	0	0	0	0	PASS	1
roast/S12-methods/class-and-instance.t	12	12	0	0	0	0	PASS	1
roast/S12-methods/default-trait.t	7	7	0	0	0	0	PASS	1
roast/S12-methods/defer-call.t	21	21	0	0	0	0	PASS	1
roast/S12-methods/defer-next.t	26	26	0	0	0	0	PASS	1
roast/S12-methods/delegation.t	9	9	0	0	0	0	PASS	1
roast/S12-methods/fallback.t	14	14	0	0	0	0	PASS	1
roast/S12-methods/how.t	3	3	0	0	0	0	PASS	1
roast/S12-methods/indirect_notation.t	0	0	0	0	1	1	SORRY	1
roast/S12-methods/instance.t	39	39	0	0	0	0	PASS	1
roast/S12-methods/lastcall.t	7	7	0	0	0	0	PASS	1
roast/S12-methods/lvalue.t	16	16	0	0	0	0	PASS	1
roast/S12-methods/method-vs-sub.t	5	5	0	0	0	0	PASS	1
roast/S12-methods/multi.t	32	32	0	0	0	0	PASS	1
roast/S12-methods/parallel-dispatch.t	37	33	4	0	0	4	FAIL	1
roast/S12-methods/private.t	14	14	0	0	0	0	PASS	1
roast/S12-methods/qualified.t	7	7	0	0	0	0	PASS	1
roast/S12-methods/submethods.t	0	0	0	0	1	1	SORRY	1
roast/S12-methods/syntax.t	0	0	0	0	1	1	SORRY	1
roast/S12-methods/topic.t	2	2	0	0	0	0	PASS	1
roast/S12-methods/trusts.t	4	4	0	0	0	0	PASS	1
roast/S12-methods/typed-attributes.t	7	7	0	0	0	0	PASS	1
roast/S12-methods/what.t	33	33	0	0	0	0	PASS	1
roast/S12-subset/multi-dispatch.t	7	7	0	0	0	0	PASS	1
roast/S12-subset/subtypes.t	92	90	2	0	0	2	FAIL	1
roast/S12-subset/type-subset.t	11	10	1	0	0	1	FAIL	1
roast/S12-traits/basic.t	0	0	0	0	1	1	SORRY	0
roast/S12-traits/parameterized.t	0	0	0	0	1	1	SORRY	0
roast/S12-traits/precomp.t	1	1	0	0	0	0	PASS	1
roast/S13-overloading/fallbacks-deep.t	0	0	0	0	1	1	SORRY	1
roast/S13-overloading/metaoperators.t	17	17	0	0	0	0	PASS	1
roast/S13-overloading/multiple-signatures.t	0	0	0	0	1	1	SORRY	1
roast/S13-overloading/operators.t	7	7	0	0	0	0	PASS	1
roast/S13-overloading/typecasting-long.t	39	39	0	0	0	0	PASS	1
roast/S13-syntax/aliasing.t	0	0	0	0	1	1	SORRY	1
roast/S13-type-casting/methods.t	13	13	0	0	0	0	PASS	1
roast/S14-roles/anonymous.t	13	13	0	0	0	0	PASS	1
roast/S14-roles/attributes-6e.t	1	1	0	0	0	0	PASS	1
roast/S14-roles/basic.t	53	41	1	0	0	1	FAIL	1
roast/S14-roles/bool.t	3	3	0	0	0	0	PASS	1
roast/S14-roles/composition.t	50	50	0	0	0	0	PASS	1
roast/S14-roles/conflicts.t	12	12	0	0	0	0	PASS	1
roast/S14-roles/crony.t	4	4	0	0	0	0	PASS	1
roast/S14-roles/generic-subtyping.t	5	0	1	0	1	1	SORRY	1
roast/S14-roles/instantiation.t	19	19	0	0	0	0	PASS	1
roast/S14-roles/lexical.t	9	9	0	0	0	0	PASS	1
roast/S14-roles/mixin-6e.t	36	36	0	0	0	0	PASS	1
roast/S14-roles/namespaced.t	11	11	0	0	0	0	PASS	1
roast/S14-roles/parameter-subtyping.t	22	22	0	0	0	0	PASS	1
roast/S14-roles/parameterized-basic.t	52	52	0	0	0	0	PASS	1
roast/S14-roles/parameterized-mixin.t	28	26	2	0	0	2	FAIL	1
roast/S14-roles/parameterized-type.t	11	11	0	0	0	0	PASS	1
roast/S14-roles/rw.t	6	6	0	0	0	0	PASS	1
roast/S14-roles/stubs.t	30	30	0	0	0	0	PASS	1
roast/S14-roles/submethods-6e.t	4	4	0	0	0	0	PASS	1
roast/S14-roles/typecheck.t	11	11	0	0	0	0	PASS	1
roast/S14-roles/versioning.t	4	4	0	0	0	0	PASS	1
roast/S14-traits/attributes.t	8	8	0	0	0	0	PASS	1
roast/S14-traits/package.t	4	4	0	0	0	0	PASS	1
roast/S14-traits/routines.t	17	16	1	0	0	1	FAIL	1
roast/S14-traits/variables.t	5	5	0	0	0	0	PASS	1
roast/S15-literals/identifiers.t	7	7	0	0	0	0	PASS	1
roast/S15-literals/numbers.t	49	49	0	0	0	0	PASS	1
roast/S15-nfg/GraphemeBreakTest-0.t	200	200	0	0	0	0	PASS	1
roast/S15-nfg/GraphemeBreakTest-1.t	200	200	0	0	0	0	PASS	1
roast/S15-nfg/GraphemeBreakTest-2.t	200	200	0	0	0	0	PASS	1
roast/S15-nfg/GraphemeBreakTest-3.t	166	166	0	0	0	0	PASS	1
roast/S15-nfg/case-change.t	72	72	0	0	0	0	PASS	1
roast/S15-nfg/cgj.t	8	8	0	0	0	0	PASS	1
roast/S15-nfg/concat-stable.t	55	55	0	0	0	0	PASS	1
roast/S15-nfg/concatenation.t	15	15	0	0	0	0	PASS	1
roast/S15-nfg/crlf-encoding.t	32	32	0	0	0	0	PASS	1
roast/S15-nfg/emoji-test.t	3825	3825	0	0	0	0	PASS	1
roast/S15-nfg/from-buf.t	6	6	0	0	0	0	PASS	1
roast/S15-nfg/from-file.t	4	4	0	0	0	0	PASS	1
roast/S15-nfg/grapheme-break.t	1	1	0	0	0	0	PASS	1
roast/S15-nfg/long-uni.t	24	24	0	0	0	0	PASS	1
roast/S15-nfg/many-combiners.t	5	5	0	0	0	0	PASS	1
roast/S15-nfg/many-threads.t	4	4	0	0	0	0	PASS	1
roast/S15-nfg/mass-equality.t	500	500	0	0	0	0	PASS	1
roast/S15-nfg/mass-roundtrip-nfc.t	500	500	0	0	0	0	PASS	1
roast/S15-nfg/mass-roundtrip-nfd.t	88	88	0	0	0	0	PASS	1
roast/S15-nfg/mass-roundtrip-nfkc.t	100	100	0	0	0	0	PASS	1
roast/S15-nfg/mass-roundtrip-nfkd.t	100	100	0	0	0	0	PASS	1
roast/S15-nfg/regex.t	13	13	0	0	0	0	PASS	1
roast/S15-normalization/nfc-0.t	2000	2000	0	0	0	0	PASS	1
roast/S15-normalization/nfc-1.t	2000	2000	0	0	0	0	PASS	1
roast/S15-normalization/nfc-10.t	34	34	0	0	0	0	PASS	1
roast/S15-normalization/nfc-2.t	2000	2000	0	0	0	0	PASS	1
roast/S15-normalization/nfc-3.t	2000	2000	0	0	0	0	PASS	1
roast/S15-normalization/nfc-4.t	2000	2000	0	0	0	0	PASS	1
roast/S15-normalization/nfc-5.t	2000	2000	0	0	0	0	PASS	1
roast/S15-normalization/nfc-6.t	2000	2000	0	0	0	0	PASS	1
roast/S15-normalization/nfc-7.t	2000	2000	0	0	0	0	PASS	1
roast/S15-normalization/nfc-8.t	2000	2000	0	0	0	0	PASS	1
roast/S15-normalization/nfc-9.t	2000	2000	0	0	0	0	PASS	1
roast/S15-normalization/nfc-concat.t	0	0	0	0	0	124	TIMEOUT	1
roast/S15-normalization/nfc-sanity.t	500	500	0	0	0	0	PASS	1
roast/S15-normalization/nfd-0.t	2000	2000	0	0	0	0	PASS	1
roast/S15-normalization/nfd-1.t	2000	2000	0	0	0	0	PASS	1
roast/S15-normalization/nfd-10.t	34	34	0	0	0	0	PASS	1
roast/S15-normalization/nfd-2.t	2000	2000	0	0	0	0	PASS	1
roast/S15-normalization/nfd-3.t	2000	2000	0	0	0	0	PASS	1
roast/S15-normalization/nfd-4.t	2000	2000	0	0	0	0	PASS	1
roast/S15-normalization/nfd-5.t	2000	2000	0	0	0	0	PASS	1
roast/S15-normalization/nfd-6.t	2000	2000	0	0	0	0	PASS	1
roast/S15-normalization/nfd-7.t	2000	2000	0	0	0	0	PASS	1
roast/S15-normalization/nfd-8.t	2000	2000	0	0	0	0	PASS	1
roast/S15-normalization/nfd-9.t	2000	2000	0	0	0	0	PASS	1
roast/S15-normalization/nfd-sanity.t	500	500	0	0	0	0	PASS	1
roast/S15-normalization/nfkc-0.t	2000	2000	0	0	0	0	PASS	1
roast/S15-normalization/nfkc-1.t	2000	2000	0	0	0	0	PASS	1
roast/S15-normalization/nfkc-10.t	34	34	0	0	0	0	PASS	1
roast/S15-normalization/nfkc-2.t	2000	2000	0	0	0	0	PASS	1
roast/S15-normalization/nfkc-3.t	2000	2000	0	0	0	0	PASS	1
roast/S15-normalization/nfkc-4.t	2000	2000	0	0	0	0	PASS	1
roast/S15-normalization/nfkc-5.t	2000	2000	0	0	0	0	PASS	1
roast/S15-normalization/nfkc-6.t	2000	2000	0	0	0	0	PASS	1
roast/S15-normalization/nfkc-7.t	2000	2000	0	0	0	0	PASS	1
roast/S15-normalization/nfkc-8.t	2000	2000	0	0	0	0	PASS	1
roast/S15-normalization/nfkc-9.t	2000	2000	0	0	0	0	PASS	1
roast/S15-normalization/nfkc-sanity.t	500	500	0	0	0	0	PASS	1
roast/S15-normalization/nfkd-0.t	2000	2000	0	0	0	0	PASS	1
roast/S15-normalization/nfkd-1.t	2000	2000	0	0	0	0	PASS	1
roast/S15-normalization/nfkd-10.t	34	34	0	0	0	0	PASS	1
roast/S15-normalization/nfkd-2.t	2000	2000	0	0	0	0	PASS	1
roast/S15-normalization/nfkd-3.t	2000	2000	0	0	0	0	PASS	1
roast/S15-normalization/nfkd-4.t	2000	2000	0	0	0	0	PASS	1
roast/S15-normalization/nfkd-5.t	2000	2000	0	0	0	0	PASS	1
roast/S15-normalization/nfkd-6.t	2000	2000	0	0	0	0	PASS	1
roast/S15-normalization/nfkd-7.t	2000	2000	0	0	0	0	PASS	1
roast/S15-normalization/nfkd-8.t	2000	2000	0	0	0	0	PASS	1
roast/S15-normalization/nfkd-9.t	2000	2000	0	0	0	0	PASS	1
roast/S15-normalization/nfkd-sanity.t	500	500	0	0	0	0	PASS	1
roast/S15-string-types/NF-types.t	0	0	0	0	1	1	SORRY	1
roast/S15-string-types/NFK-types.t	0	0	0	0	1	1	SORRY	1
roast/S15-string-types/Str.t	0	0	0	0	1	1	SORRY	1
roast/S15-string-types/Uni.t	17	17	0	0	0	0	PASS	1
roast/S15-unicode-information/unimatch-general.t	224	224	0	0	0	0	PASS	1
roast/S15-unicode-information/uniname.t	46	18	0	0	0	255	ABORT	1
roast/S15-unicode-information/uniprop.t	203	177	26	0	0	26	FAIL	1
roast/S15-unicode-information/unival.t	40	40	0	0	0	0	PASS	1
roast/S16-filehandles/argfiles.t	16	16	0	0	0	0	PASS	1
roast/S16-filehandles/chmod.t	19	19	0	0	0	0	PASS	1
roast/S16-filehandles/filestat.t	11	10	1	0	0	1	FAIL	1
roast/S16-filehandles/filetest.t	128	29	0	0	0	255	ABORT	1
roast/S16-filehandles/io.t	114	114	0	0	0	0	PASS	1
roast/S16-filehandles/io_in_for_loops.t	32	32	0	0	0	0	PASS	1
roast/S16-filehandles/io_in_while_loops.t	17	17	0	0	0	0	PASS	1
roast/S16-filehandles/misc.t	2	2	0	0	0	0	PASS	1
roast/S16-filehandles/mkdir_rmdir.t	14	14	0	0	0	0	PASS	1
roast/S16-filehandles/mode.t	12	12	0	0	0	0	PASS	1
roast/S16-filehandles/open.t	6	6	0	0	0	0	PASS	1
roast/S16-filehandles/unlink.t	3	3	0	0	0	0	PASS	1
roast/S16-io/bare-say.t	16	16	0	0	0	0	PASS	1
roast/S16-io/basic-open.t	12	12	0	0	0	0	PASS	1
roast/S16-io/bom.t	10	10	0	0	0	0	PASS	1
roast/S16-io/comb.t	30	30	0	0	0	0	PASS	1
roast/S16-io/cwd.t	3	3	0	0	0	0	PASS	1
roast/S16-io/eof.t	5	5	0	0	0	0	PASS	1
roast/S16-io/getc.t	3	3	0	0	0	0	PASS	1
roast/S16-io/handles-between-threads.t	8	8	0	0	0	0	PASS	1
roast/S16-io/home.t	8	8	0	0	0	0	PASS	1
roast/S16-io/lines.t	178	178	0	0	0	0	PASS	1
roast/S16-io/newline.t	6	6	0	0	0	0	PASS	1
roast/S16-io/note.t	6	6	0	0	0	0	PASS	1
roast/S16-io/print.t	14	14	0	0	0	0	PASS	1
roast/S16-io/prompt.t	18	18	0	0	0	0	PASS	1
roast/S16-io/put.t	13	13	0	0	0	0	PASS	1
roast/S16-io/readchars.t	4	4	0	0	0	0	PASS	1
roast/S16-io/say-and-ref.t	3	3	0	0	0	0	PASS	1
roast/S16-io/say.t	6	6	0	0	0	0	PASS	1
roast/S16-io/split.t	18	18	0	0	0	0	PASS	1
roast/S16-io/supply.t	7	7	0	0	0	0	PASS	1
roast/S16-io/tmpdir.t	9	9	0	0	0	0	PASS	1
roast/S16-io/watch.t	1	1	0	0	0	0	PASS	1
roast/S16-io/words.t	11	11	0	0	0	0	PASS	1
roast/S16-unfiled/getpeername.t	1	0	1	0	0	1	FAIL	1
roast/S16-unfiled/rebindstdhandles.t	2	0	0	0	0	255	NOPLAN	1
roast/S17-channel/basic.t	29	29	0	0	0	0	PASS	1
roast/S17-channel/stress.t	5	5	0	0	0	0	PASS	1
roast/S17-channel/subscription-drain-in-react.t	1	1	0	0	0	0	PASS	1
roast/S17-lowlevel/atomic-ops.t	28	28	0	0	0	0	PASS	1
roast/S17-lowlevel/atomic.t	34	34	0	0	0	0	PASS	1
roast/S17-lowlevel/cas-int.t	24	24	0	0	0	0	PASS	1
roast/S17-lowlevel/cas-loop-int.t	7	7	0	0	0	0	PASS	1
roast/S17-lowlevel/cas-loop.t	10	10	0	0	0	0	PASS	1
roast/S17-lowlevel/cas.t	24	24	0	0	0	0	PASS	1
roast/S17-lowlevel/lock.t	2	2	0	0	0	0	PASS	1
roast/S17-lowlevel/semaphore.t	2	2	0	0	0	0	PASS	1
roast/S17-lowlevel/thread-start-join-stress.t	1	1	0	0	0	0	PASS	1
roast/S17-lowlevel/thread.t	29	29	0	0	0	0	PASS	1
roast/S17-procasync/basic.t	47	47	0	0	0	0	PASS	1
roast/S17-procasync/bind-handles.t	17	17	0	0	0	0	PASS	1
roast/S17-procasync/encoding.t	13	13	0	0	0	0	PASS	1
roast/S17-procasync/kill.t	8	8	0	0	0	0	PASS	1
roast/S17-procasync/many-processes-no-close-stdin.t	1	1	0	0	0	0	PASS	1
roast/S17-procasync/no-runaway-file-limit.t	1	1	0	0	0	0	PASS	1
roast/S17-procasync/nonexistent.t	7	7	0	0	0	0	PASS	1
roast/S17-procasync/print.t	16	11	0	0	0	255	ABORT	1
roast/S17-procasync/stress.t	24	23	0	0	0	124	TIMEOUT	1
roast/S17-procasync/windows-arg-quoting.t	21	21	0	0	0	0	PASS	1
roast/S17-promise/allof.t	13	13	0	0	0	0	PASS	1
roast/S17-promise/anyof.t	10	10	0	0	0	0	PASS	1
roast/S17-promise/at.t	4	4	0	0	0	0	PASS	1
roast/S17-promise/basic.t	41	41	0	0	0	0	PASS	1
roast/S17-promise/in.t	4	4	0	0	0	0	PASS	1
roast/S17-promise/lock-async-stress.t	1	1	0	0	0	0	PASS	1
roast/S17-promise/lock-async-stress2.t	1	1	0	0	0	0	PASS	1
roast/S17-promise/lock-async.t	37	37	0	0	0	0	PASS	1
roast/S17-promise/nonblocking-await.t	28	28	0	0	0	0	PASS	1
roast/S17-promise/single-assignment.t	12	12	0	0	0	0	PASS	1
roast/S17-promise/start.t	65	65	0	0	0	0	PASS	1
roast/S17-promise/stress.t	1	1	0	0	0	0	PASS	1
roast/S17-promise/then.t	19	19	0	0	0	0	PASS	1
roast/S17-scheduler/at.t	26	25	0	0	0	124	TIMEOUT	1
roast/S17-scheduler/basic.t	34	4	1	0	0	1	FAIL	1
roast/S17-scheduler/every.t	25	25	0	0	0	0	PASS	1
roast/S17-scheduler/in.t	25	24	0	0	0	124	TIMEOUT	1
roast/S17-scheduler/times.t	4	4	0	0	0	0	PASS	1
roast/S17-supply/Channel.t	14	14	0	0	0	0	PASS	1
roast/S17-supply/Promise.t	13	13	0	0	0	0	PASS	1
roast/S17-supply/Seq.t	9	9	0	0	0	0	PASS	1
roast/S17-supply/act.t	9	9	0	0	0	0	PASS	1
roast/S17-supply/basic.t	80	80	0	0	0	0	PASS	1
roast/S17-supply/batch.t	9	6	0	0	0	124	TIMEOUT	1
roast/S17-supply/categorize.t	63	63	0	0	0	0	PASS	1
roast/S17-supply/classify.t	33	33	0	0	0	0	PASS	1
roast/S17-supply/collate.t	7	7	0	0	0	0	PASS	1
roast/S17-supply/comb.t	50	50	0	0	0	0	PASS	1
roast/S17-supply/construction-recursion.t	4	4	0	0	0	0	PASS	1
roast/S17-supply/decode.t	8	8	0	0	0	0	PASS	1
roast/S17-supply/delayed.t	13	3	0	0	0	255	ABORT	1
roast/S17-supply/do.t	5	5	0	0	0	0	PASS	1
roast/S17-supply/elems.t	4	4	0	0	0	0	PASS	1
roast/S17-supply/encode.t	6	6	0	0	0	0	PASS	1
roast/S17-supply/first.t	12	12	0	0	0	0	PASS	1
roast/S17-supply/flat.t	16	16	0	0	0	0	PASS	1
roast/S17-supply/from-list.t	13	13	0	0	0	0	PASS	1
roast/S17-supply/grab.t	5	5	0	0	0	0	PASS	1
roast/S17-supply/grep.t	9	9	0	0	0	0	PASS	1
roast/S17-supply/head.t	21	21	0	0	0	0	PASS	1
roast/S17-supply/interval.t	9	9	0	0	0	0	PASS	1
roast/S17-supply/lines.t	23	23	0	0	0	0	PASS	1
roast/S17-supply/list.t	9	9	0	0	0	0	PASS	1
roast/S17-supply/map.t	7	7	0	0	0	0	PASS	1
roast/S17-supply/max.t	10	10	0	0	0	0	PASS	1
roast/S17-supply/merge.t	10	10	0	0	0	0	PASS	1
roast/S17-supply/migrate.t	13	13	0	0	0	0	PASS	1
roast/S17-supply/min.t	10	10	0	0	0	0	PASS	1
roast/S17-supply/minmax.t	10	10	0	0	0	0	PASS	1
roast/S17-supply/on-demand.t	7	7	0	0	0	0	PASS	1
roast/S17-supply/produce.t	10	10	0	0	0	0	PASS	1
roast/S17-supply/reduce.t	10	10	0	0	0	0	PASS	1
roast/S17-supply/repeated.t	14	14	0	0	0	0	PASS	1
roast/S17-supply/return-in-tap.t	1	1	0	0	0	0	PASS	1
roast/S17-supply/reverse.t	3	3	0	0	0	0	PASS	1
roast/S17-supply/rotate.t	11	11	0	0	0	0	PASS	1
roast/S17-supply/rotor.t	32	31	1	0	0	1	FAIL	1
roast/S17-supply/schedule-on.t	5	5	0	0	0	0	PASS	1
roast/S17-supply/skip.t	7	7	0	0	0	0	PASS	1
roast/S17-supply/snip.t	7	7	0	0	0	0	PASS	1
roast/S17-supply/sort.t	7	7	0	0	0	0	PASS	1
roast/S17-supply/split.t	68	68	0	0	0	0	PASS	1
roast/S17-supply/squish.t	14	14	0	0	0	0	PASS	1
roast/S17-supply/stable.t	7	1	0	0	0	255	ABORT	1
roast/S17-supply/start.t	8	8	0	0	0	0	PASS	1
roast/S17-supply/supplier-preserving.t	1	1	0	0	0	0	PASS	1
roast/S17-supply/syntax-nonblocking-await.t	9	9	0	0	0	0	PASS	1
roast/S17-supply/syntax.t	90	90	0	0	0	0	PASS	1
roast/S17-supply/tail.t	15	15	0	0	0	0	PASS	1
roast/S17-supply/throttle.t	18	18	0	0	0	0	PASS	1
roast/S17-supply/unique.t	16	15	0	0	0	124	TIMEOUT	1
roast/S17-supply/wait.t	5	5	0	0	0	0	PASS	1
roast/S17-supply/watch-path.t	4	4	0	0	0	0	PASS	1
roast/S17-supply/words.t	5	5	0	0	0	0	PASS	1
roast/S17-supply/zip-latest.t	13	13	0	0	0	0	PASS	1
roast/S17-supply/zip.t	11	11	0	0	0	0	PASS	1
roast/S19-command-line-options/01-dash-uppercase-i.t	8	0	0	0	0	255	NOPLAN	0
roast/S19-command-line-options/02-dash-n.t	6	3	3	0	0	3	FAIL	1
roast/S19-command-line-options/03-dash-p.t	3	3	0	0	0	0	PASS	1
roast/S19-command-line-options/04-negation.t	3	0	3	0	0	3	FAIL	1
roast/S19-command-line/arguments.t	6	6	0	0	0	0	PASS	1
roast/S19-command-line/dash-e.t	4	4	0	0	0	0	PASS	1
roast/S19-command-line/help.t	1	1	0	0	0	0	PASS	1
roast/S19-command-line/repl.t	1	1	0	0	0	0	PASS	1
roast/S22-package-format/local.t	19	19	0	0	0	0	PASS	1
roast/S24-testing/0-compile.t	1	1	0	0	0	0	PASS	1
roast/S24-testing/1-basic.t	39	27	12	12	0	0	FAIL	1
roast/S24-testing/10-is-approx.t	7	7	0	22	0	0	PASS	1
roast/S24-testing/11-plan-skip-all-subtests.t	4	4	0	0	0	0	PASS	1
roast/S24-testing/11-plan-skip-all.t	0	0	0	0	0	0	NOPLAN	1
roast/S24-testing/12-subtest-todo.t	8	8	0	0	0	0	PASS	1
roast/S24-testing/13-cmp-ok.t	2	2	0	0	0	0	PASS	1
roast/S24-testing/14-like-unlike.t	4	4	0	0	0	0	PASS	1
roast/S24-testing/15-done-testing.t	3	3	0	0	0	0	PASS	1
roast/S24-testing/2-force_todo.t	0	0	0	0	1	1	SORRY	1
roast/S24-testing/3-output.t	6	6	0	0	0	0	PASS	1
roast/S24-testing/6-done_testing.t	0	2	0	0	0	1	ABORT	1
roast/S24-testing/7-bail_out.t	4	4	0	0	0	0	PASS	1
roast/S24-testing/8-die_on_fail.t	6	6	0	0	0	0	PASS	1
roast/S24-testing/9-is_deeply.t	3	3	0	0	0	0	PASS	1
roast/S24-testing/fails-like.t	2	2	0	22	0	0	PASS	1
roast/S24-testing/line-numbers.t	15	15	0	0	0	0	PASS	1
roast/S26-documentation/01-delimited.t	34	34	0	0	0	0	PASS	1
roast/S26-documentation/02-paragraph.t	28	28	0	0	0	0	PASS	1
roast/S26-documentation/03-abbreviated.t	30	30	0	0	0	0	PASS	1
roast/S26-documentation/04-code.t	50	47	3	0	0	3	FAIL	1
roast/S26-documentation/04a-input-output.t	6	6	0	0	0	0	PASS	1
roast/S26-documentation/05-comment.t	9	9	0	0	0	0	PASS	1
roast/S26-documentation/06-lists.t	39	39	0	0	0	0	PASS	1
roast/S26-documentation/07-tables.t	37	37	0	0	0	0	PASS	1
roast/S26-documentation/07a-tables.t	77	76	1	0	0	1	FAIL	1
roast/S26-documentation/07b-tables.t	4	4	0	0	0	0	PASS	1
roast/S26-documentation/07c-tables.t	8	8	0	0	0	0	PASS	1
roast/S26-documentation/08-formattingcodes.t	49	47	2	0	0	2	FAIL	1
roast/S26-documentation/09-configuration.t	98	95	3	0	0	3	FAIL	1
roast/S26-documentation/10-doc-cli.t	2	2	0	0	0	0	PASS	1
roast/S26-documentation/12-non-breaking-space.t	2	2	0	0	0	0	PASS	1
roast/S26-documentation/14-defn.t	30	30	0	0	0	0	PASS	1
roast/S26-documentation/15-numbered-alias.t	1	1	0	0	0	0	PASS	1
roast/S26-documentation/block-leading-user-format.t	2	1	1	0	0	1	FAIL	1
roast/S26-documentation/block-leading.t	63	63	0	0	0	0	PASS	1
roast/S26-documentation/block-trailing.t	50	50	0	0	0	0	PASS	1
roast/S26-documentation/module-comment.t	1	1	0	0	0	0	PASS	1
roast/S26-documentation/multiline-leading.t	4	4	0	0	0	0	PASS	1
roast/S26-documentation/multiline-trailing.t	2	2	0	0	0	0	PASS	1
roast/S26-documentation/wacky.t	29	24	5	5	0	0	FAIL	1
roast/S26-documentation/why-both.t	57	57	0	0	0	0	PASS	1
roast/S26-documentation/why-leading.t	66	66	0	0	0	0	PASS	1
roast/S26-documentation/why-trailing.t	54	14	40	0	0	40	FAIL	1
roast/S28-named-variables/cwd.t	2	2	0	0	0	0	PASS	1
roast/S28-named-variables/init-instant.t	3	3	0	0	0	0	PASS	1
roast/S28-named-variables/slangs.t	4	4	0	0	0	0	PASS	1
roast/S29-any/are.t	17	17	0	0	0	0	PASS	1
roast/S29-any/cmp.t	6	6	0	0	0	0	PASS	1
roast/S29-any/deg-trans.t	17	17	0	0	0	0	PASS	1
roast/S29-any/isa.t	11	11	0	0	0	0	PASS	1
roast/S29-any/minpairs-maxpairs.t	27	27	0	0	0	0	PASS	1
roast/S29-context/die.t	17	17	0	0	0	0	PASS	1
roast/S29-context/eval.t	30	12	0	0	0	255	ABORT	1
roast/S29-context/evalfile.t	4	4	0	0	0	0	PASS	1
roast/S29-context/exit-in-if.t	1	1	0	0	0	0	PASS	1
roast/S29-context/exit.t	3	3	0	0	0	0	PASS	1
roast/S29-context/sleep.t	23	23	0	0	0	0	PASS	1
roast/S29-conversions/hash.t	8	8	0	0	0	0	PASS	1
roast/S29-conversions/ord_and_chr.t	260	259	1	0	0	1	FAIL	1
roast/S29-os/system.t	41	40	1	0	0	1	FAIL	1
roast/S32-array/adverbs.t	606	606	0	0	0	0	PASS	1
roast/S32-array/bool.t	15	15	0	0	0	0	PASS	1
roast/S32-array/create.t	12	12	0	0	0	0	PASS	1
roast/S32-array/delete-adverb-native.t	138	138	0	0	0	0	PASS	1
roast/S32-array/delete-adverb.t	221	221	0	0	0	0	PASS	1
roast/S32-array/delete.t	34	34	0	0	0	0	PASS	1
roast/S32-array/elems.t	12	12	0	0	0	0	PASS	1
roast/S32-array/end.t	12	12	0	0	0	0	PASS	1
roast/S32-array/exists-adverb.t	53	53	0	0	0	0	PASS	1
roast/S32-array/keys_values.t	8	8	0	0	0	0	PASS	1
roast/S32-array/kv.t	18	18	0	0	0	0	PASS	1
roast/S32-array/multislice-6e.t	812	812	0	0	0	0	PASS	1
roast/S32-array/pairs.t	14	14	0	0	0	0	PASS	1
roast/S32-array/perl.t	9	9	0	0	0	0	PASS	1
roast/S32-array/pop.t	38	37	1	0	0	1	FAIL	1
roast/S32-array/push.t	56	56	0	0	0	0	PASS	1
roast/S32-array/rotate.t	29	29	0	0	0	0	PASS	1
roast/S32-array/shift.t	33	32	1	0	0	1	FAIL	1
roast/S32-array/splice.t	392	380	12	0	0	12	FAIL	1
roast/S32-array/unshift.t	76	76	0	0	0	0	PASS	1
roast/S32-basics/pairup.t	6	6	0	0	0	0	PASS	1
roast/S32-basics/warn.t	9	9	0	0	0	0	PASS	1
roast/S32-basics/xxKEY.t	129	122	7	0	0	7	FAIL	1
roast/S32-basics/xxPOS-native.t	150	150	0	0	0	0	PASS	1
roast/S32-basics/xxPOS.t	64	53	0	0	0	255	ABORT	0
roast/S32-container/buf.t	21	21	0	0	0	0	PASS	1
roast/S32-container/cat.t	0	0	0	0	1	1	SORRY	1
roast/S32-container/roundrobin.t	7	7	0	0	0	0	PASS	1
roast/S32-container/stringify.t	16	16	0	0	0	0	PASS	1
roast/S32-container/zip.t	14	5	0	0	0	255	ABORT	1
roast/S32-encoding/decoder.t	2	2	0	0	0	0	PASS	1
roast/S32-encoding/encoder.t	4	4	0	0	0	0	PASS	1
roast/S32-encoding/registry.t	0	28	0	0	0	2	ABORT	1
roast/S32-exceptions/misc.t	182	179	3	0	0	3	FAIL	1
roast/S32-exceptions/misc2.t	265	264	1	0	0	1	FAIL	1
roast/S32-hash/adverbs.t	1128	1125	3	3	0	0	FAIL	1
roast/S32-hash/antipairs.t	5	5	0	0	0	0	PASS	1
roast/S32-hash/delete-adverb.t	131	131	0	0	0	0	PASS	1
roast/S32-hash/delete.t	10	10	0	0	0	0	PASS	1
roast/S32-hash/exists-adverb.t	48	48	0	0	0	0	PASS	1
roast/S32-hash/exists.t	15	0	0	0	0	255	NOPLAN	1
roast/S32-hash/hyperslice.t	10	10	0	0	0	0	PASS	1
roast/S32-hash/invert.t	5	5	0	0	0	0	PASS	1
roast/S32-hash/iterator.t	28	28	0	0	0	0	PASS	1
roast/S32-hash/keys_values.t	23	23	0	0	0	0	PASS	1
roast/S32-hash/kv.t	27	27	0	0	0	0	PASS	1
roast/S32-hash/map.t	24	24	0	0	0	0	PASS	1
roast/S32-hash/multislice-6e.t	549	549	0	0	0	0	PASS	1
roast/S32-hash/pairs.t	26	26	0	0	0	0	PASS	1
roast/S32-hash/perl.t	55	55	0	0	0	0	PASS	1
roast/S32-hash/push.t	10	10	0	0	0	0	PASS	1
roast/S32-hash/slice.t	31	31	0	0	0	0	PASS	1
roast/S32-io/IO-Socket-Async-UDP.t	3	3	0	0	0	0	PASS	1
roast/S32-io/IO-Socket-Async.t	40	40	0	0	0	0	PASS	1
roast/S32-io/IO-Socket-INET-UNIX.t	8	8	0	0	0	0	PASS	1
roast/S32-io/IO-Socket-INET.t	32	32	0	0	0	0	PASS	1
roast/S32-io/chdir-process.t	8	8	0	0	0	0	PASS	1
roast/S32-io/chdir.t	82	82	0	0	0	0	PASS	1
roast/S32-io/child-secure.t	10	4	6	0	0	6	FAIL	1
roast/S32-io/copy.t	43	43	0	0	0	0	PASS	1
roast/S32-io/dir.t	17	16	1	0	0	1	FAIL	1
roast/S32-io/indir.t	77	77	0	0	0	0	PASS	1
roast/S32-io/io-cathandle.t	31	31	0	0	0	0	PASS	1
roast/S32-io/io-handle.t	30	30	0	0	0	0	PASS	1
roast/S32-io/io-path-cygwin.t	58	57	1	0	0	1	FAIL	1
roast/S32-io/io-path-extension.t	283	283	0	0	0	0	PASS	1
roast/S32-io/io-path-subclasses.t	9	9	0	0	0	0	PASS	1
roast/S32-io/io-path-symlink.t	22	22	0	0	0	0	PASS	1
roast/S32-io/io-path-unix.t	43	42	1	0	0	1	FAIL	1
roast/S32-io/io-path-win.t	57	56	1	0	0	1	FAIL	1
roast/S32-io/io-path.t	43	43	0	0	0	0	PASS	1
roast/S32-io/io-spec-cygwin.t	116	116	0	0	0	0	PASS	1
roast/S32-io/io-spec-qnx.t	29	29	0	0	0	0	PASS	1
roast/S32-io/io-spec-unix.t	133	133	0	0	0	0	PASS	1
roast/S32-io/io-spec-win.t	213	213	0	0	0	0	PASS	1
roast/S32-io/io-special.t	48	48	0	0	0	0	PASS	1
roast/S32-io/lock.t	30	26	0	0	0	124	TIMEOUT	1
roast/S32-io/mkdir_rmdir.t	6	6	0	0	0	0	PASS	1
roast/S32-io/move.t	30	30	0	0	0	0	PASS	1
roast/S32-io/native-descriptor.t	4	4	0	0	0	0	PASS	1
roast/S32-io/note.t	7	7	0	0	0	0	PASS	1
roast/S32-io/null-char.t	28	28	0	0	0	0	PASS	1
roast/S32-io/open.t	17	17	0	0	0	0	PASS	1
roast/S32-io/other-stress.t	60	60	0	0	0	0	PASS	1
roast/S32-io/other.t	1	1	0	0	0	0	PASS	1
roast/S32-io/out-buffering.t	4	4	0	0	0	0	PASS	1
roast/S32-io/pipe.t	16	16	0	0	0	0	PASS	1
roast/S32-io/rename.t	29	29	0	0	0	0	PASS	1
roast/S32-io/seek.t	4	4	0	0	0	0	PASS	1
roast/S32-io/signals.t	1	1	0	0	0	0	PASS	1
roast/S32-io/slurp.t	21	21	0	0	0	0	PASS	1
roast/S32-io/socket-accept-and-working-threads.t	15	15	0	0	0	0	PASS	1
roast/S32-io/socket-fail-invalid-values.t	4	4	0	0	0	0	PASS	1
roast/S32-io/socket-host-port-split.t	2	1	0	0	0	1	ABORT	1
roast/S32-io/socket-recv-vs-read.t	13	13	0	0	0	0	PASS	1
roast/S32-io/spurt.t	62	62	0	0	0	0	PASS	1
roast/S32-io/tell.t	5	5	0	0	0	0	PASS	1
roast/S32-io/utf16.t	39	39	0	0	0	0	PASS	1
roast/S32-list/are.t	15	15	0	0	0	0	PASS	1
roast/S32-list/batch.t	4	4	0	0	0	0	PASS	1
roast/S32-list/categorize-list.t	28	28	0	0	0	0	PASS	1
roast/S32-list/categorize.t	28	28	0	0	0	0	PASS	1
roast/S32-list/classify-list.t	19	19	0	0	0	0	PASS	1
roast/S32-list/classify.t	0	0	0	0	1	1	SORRY	1
roast/S32-list/combinations.t	33	33	0	0	0	0	PASS	1
roast/S32-list/create.t	11	11	0	0	0	0	PASS	1
roast/S32-list/cross.t	3	3	0	0	0	0	PASS	1
roast/S32-list/deepmap.t	14	14	0	0	0	0	PASS	1
roast/S32-list/duckmap.t	8	8	0	0	0	0	PASS	1
roast/S32-list/end.t	14	14	0	0	0	0	PASS	1
roast/S32-list/first-end-k.t	0	0	0	0	1	1	SORRY	1
roast/S32-list/first-end-kv.t	21	21	0	0	0	0	PASS	1
roast/S32-list/first-end-p.t	24	24	0	0	0	0	PASS	1
roast/S32-list/first-end-v.t	24	24	0	0	0	0	PASS	1
roast/S32-list/first-end.t	24	24	0	0	0	0	PASS	1
roast/S32-list/first-k.t	0	0	0	0	1	1	SORRY	1
roast/S32-list/first-kv.t	21	21	0	0	0	0	PASS	1
roast/S32-list/first-p.t	24	24	0	0	0	0	PASS	1
roast/S32-list/first-v.t	24	24	0	0	0	0	PASS	1
roast/S32-list/first.t	0	0	0	0	1	1	SORRY	1
roast/S32-list/flat.t	45	45	0	0	0	0	PASS	1
roast/S32-list/grep-k.t	0	0	0	0	1	1	SORRY	1
roast/S32-list/grep-kv.t	17	17	0	0	0	0	PASS	1
roast/S32-list/grep-p.t	17	17	0	0	0	0	PASS	1
roast/S32-list/grep-v.t	17	17	0	0	0	0	PASS	1
roast/S32-list/grep.t	0	0	0	0	1	1	SORRY	1
roast/S32-list/head.t	60	60	0	0	0	0	PASS	1
roast/S32-list/iterator.t	55	55	0	0	0	0	PASS	1
roast/S32-list/join.t	38	38	0	0	0	0	PASS	1
roast/S32-list/map.t	0	0	0	0	1	1	SORRY	1
roast/S32-list/map_function_return_values.t	2	2	0	0	0	0	PASS	1
roast/S32-list/minmax.t	169	169	0	0	0	0	PASS	1
roast/S32-list/permutations.t	12	12	0	0	0	0	PASS	1
roast/S32-list/pick.t	320	320	0	0	0	0	PASS	1
roast/S32-list/produce.t	25	25	0	0	0	0	PASS	1
roast/S32-list/reduce.t	24	24	0	0	0	0	PASS	1
roast/S32-list/repeated.t	38	38	0	0	0	0	PASS	1
roast/S32-list/reverse.t	23	23	0	0	0	0	PASS	1
roast/S32-list/roll.t	52	52	0	0	0	0	PASS	1
roast/S32-list/rotor.t	21	21	0	0	0	0	PASS	1
roast/S32-list/seq.t	50	50	0	0	0	0	PASS	1
roast/S32-list/skip.t	55	55	0	0	0	0	PASS	1
roast/S32-list/snip.t	6	6	0	0	0	0	PASS	1
roast/S32-list/sort.t	74	74	0	0	0	0	PASS	1
roast/S32-list/squish.t	31	31	0	0	0	0	PASS	1
roast/S32-list/tail.t	57	57	0	0	0	0	PASS	1
roast/S32-list/toggle.t	4	4	0	0	0	0	PASS	1
roast/S32-list/unique.t	40	40	0	0	0	0	PASS	1
roast/S32-num/abs.t	49	49	0	0	0	0	PASS	1
roast/S32-num/base.t	63	63	0	0	0	0	PASS	1
roast/S32-num/complex-logarithms.t	9	9	0	0	0	0	PASS	1
roast/S32-num/complex.t	557	557	0	0	0	0	PASS	1
roast/S32-num/cool-num.t	0	0	0	0	1	1	SORRY	1
roast/S32-num/exp.t	72	72	0	0	0	0	PASS	1
roast/S32-num/expmod.t	119	117	2	0	0	2	FAIL	1
roast/S32-num/fatrat.t	288	288	0	0	0	0	PASS	1
roast/S32-num/int.t	165	165	0	0	0	0	PASS	1
roast/S32-num/is-prime.t	37	37	0	0	0	0	PASS	1
roast/S32-num/log.t	34	31	3	0	0	3	FAIL	1
roast/S32-num/narrow.t	17	17	0	0	0	0	PASS	1
roast/S32-num/negative-zero.t	20	20	0	0	0	0	PASS	1
roast/S32-num/pi.t	8	8	0	0	0	0	PASS	1
roast/S32-num/polar.t	48	48	0	0	0	0	PASS	1
roast/S32-num/polymod.t	11	11	0	0	0	0	PASS	1
roast/S32-num/power.t	89	86	3	0	0	3	FAIL	1
roast/S32-num/rand.t	0	0	0	0	1	1	SORRY	1
roast/S32-num/rat.t	869	869	0	0	0	0	PASS	1
roast/S32-num/real-bridge.t	201	201	0	0	0	0	PASS	1
roast/S32-num/roots.t	55	55	0	0	0	0	PASS	1
roast/S32-num/rounders.t	143	143	0	0	0	0	PASS	1
roast/S32-num/rshift_pos_amount.t	189	189	0	0	0	0	PASS	1
roast/S32-num/sign.t	35	34	1	0	0	1	FAIL	1
roast/S32-num/sqrt.t	18	16	2	0	0	2	FAIL	1
roast/S32-num/stress.t	2	2	0	0	0	0	PASS	1
roast/S32-num/stringify.t	62	61	1	0	0	1	FAIL	1
roast/S32-num/unpolar.t	199	199	0	0	0	0	PASS	1
roast/S32-scalar/defined.t	55	55	0	0	0	0	PASS	1
roast/S32-scalar/perl.t	7	5	2	0	0	2	FAIL	1
roast/S32-scalar/undef.t	91	22	3	0	1	3	SORRY	1
roast/S32-str/Collation.t	15	15	0	0	0	0	PASS	1
roast/S32-str/CollationTest_NON_IGNORABLE-0.t	2300	2300	0	0	0	0	PASS	1
roast/S32-str/CollationTest_NON_IGNORABLE-1.t	2301	2301	0	0	0	0	PASS	1
roast/S32-str/CollationTest_NON_IGNORABLE-2.t	2301	2292	9	9	0	0	FAIL	1
roast/S32-str/CollationTest_NON_IGNORABLE-3.t	1369	1369	0	0	0	0	PASS	1
roast/S32-str/append.t	7	7	0	0	0	0	PASS	1
roast/S32-str/bool.t	12	12	0	0	0	0	PASS	1
roast/S32-str/capitalize.t	17	17	0	0	0	0	PASS	1
roast/S32-str/chomp.t	39	39	0	0	0	0	PASS	1
roast/S32-str/chop.t	36	36	0	0	0	0	PASS	1
roast/S32-str/comb.t	88	88	0	0	0	0	PASS	1
roast/S32-str/contains.t	441	441	0	0	0	0	PASS	1
roast/S32-str/encode.t	41	15	2	0	0	2	FAIL	1
roast/S32-str/ends-with.t	127	127	0	0	0	0	PASS	1
roast/S32-str/fc.t	12	12	0	0	0	0	PASS	1
roast/S32-str/flip.t	13	13	0	0	0	0	PASS	1
roast/S32-str/format.t	49	49	0	0	0	0	PASS	0
roast/S32-str/gb18030-encode-decode.t	5	0	0	0	0	255	NOPLAN	1
roast/S32-str/gb2312-encode-decode.t	5	0	0	0	0	255	NOPLAN	1
roast/S32-str/indent.t	63	62	1	0	0	1	FAIL	1
roast/S32-str/index.t	356	356	0	0	0	0	PASS	1
roast/S32-str/indices.t	294	294	0	0	0	0	PASS	1
roast/S32-str/lc.t	19	19	0	0	0	0	PASS	1
roast/S32-str/length.t	29	29	0	0	0	0	PASS	1
roast/S32-str/lines.t	27	27	0	0	0	0	PASS	1
roast/S32-str/numeric.t	190	184	6	0	0	6	FAIL	1
roast/S32-str/ords.t	9	9	0	0	0	0	PASS	1
roast/S32-str/parse-base.t	110	110	0	0	0	0	PASS	1
roast/S32-str/pos.t	2	2	0	0	0	0	PASS	1
roast/S32-str/rindex.t	50	50	0	0	0	0	PASS	1
roast/S32-str/samecase.t	8	8	0	0	0	0	PASS	1
roast/S32-str/samemark.t	9	9	0	0	0	0	PASS	1
roast/S32-str/shiftjis-encode-decode.t	9	0	0	0	0	255	NOPLAN	1
roast/S32-str/space-chars.t	30	30	0	0	0	0	PASS	1
roast/S32-str/split-simple.t	30	30	0	0	0	0	PASS	1
roast/S32-str/split.t	55	45	0	0	0	255	ABORT	1
roast/S32-str/sprintf-b.t	0	0	0	0	1	1	SORRY	1
roast/S32-str/sprintf-c.t	0	0	0	0	1	1	SORRY	1
roast/S32-str/sprintf-d.t	0	0	0	0	1	1	SORRY	1
roast/S32-str/sprintf-e.t	0	0	0	0	1	1	SORRY	1
roast/S32-str/sprintf-f.t	0	0	0	0	1	1	SORRY	1
roast/S32-str/sprintf-o.t	0	0	0	0	1	1	SORRY	1
roast/S32-str/sprintf-s.t	0	0	0	0	1	1	SORRY	1
roast/S32-str/sprintf-u.t	0	0	0	0	1	1	SORRY	1
roast/S32-str/sprintf-x.t	0	0	0	0	1	1	SORRY	1
roast/S32-str/sprintf.t	0	0	0	0	1	1	SORRY	0
roast/S32-str/starts-with.t	127	127	0	0	0	0	PASS	1
roast/S32-str/substr-eq.t	133	133	0	0	0	0	PASS	1
roast/S32-str/substr-rw.t	46	46	0	0	0	0	PASS	1
roast/S32-str/substr.t	57	57	0	0	0	0	PASS	1
roast/S32-str/tc.t	9	9	0	0	0	0	PASS	1
roast/S32-str/tclc.t	6	6	0	0	0	0	PASS	1
roast/S32-str/trim.t	37	37	0	0	0	0	PASS	1
roast/S32-str/uc.t	20	20	0	0	0	0	PASS	1
roast/S32-str/uniparse.t	40	40	0	0	0	0	PASS	1
roast/S32-str/utf8-c8.t	66	66	0	0	0	0	PASS	1
roast/S32-str/val.t	1453	1453	0	0	0	0	PASS	1
roast/S32-str/windows-1251-windows-1252-encode-decode.t	4	4	0	0	0	0	PASS	1
roast/S32-str/words.t	17	17	0	0	0	0	PASS	1
roast/S32-temporal/Date.t	139	139	0	0	0	0	PASS	1
roast/S32-temporal/DateTime-Instant-Duration.t	68	68	0	0	0	0	PASS	1
roast/S32-temporal/DateTime.t	314	314	0	0	0	0	PASS	1
roast/S32-temporal/baum-gregorian-data.t	209	209	0	0	0	0	PASS	1
roast/S32-temporal/calendar.t	130	130	0	0	0	0	PASS	1
roast/S32-temporal/greg-jd-frac-seconds.t	90	90	0	0	0	0	PASS	1
roast/S32-temporal/juliandate.t	128	128	0	0	0	0	PASS	1
roast/S32-temporal/local.t	25	16	9	0	0	9	FAIL	1
roast/S32-temporal/time.t	0	0	0	0	1	1	SORRY	0
roast/S32-trig/atan2.t	115	115	0	0	0	0	PASS	1
roast/S32-trig/cos.t	154	154	0	0	0	0	PASS	1
roast/S32-trig/cosec.t	114	114	0	0	0	0	PASS	1
roast/S32-trig/cosech.t	146	146	0	0	0	0	PASS	1
roast/S32-trig/cosh.t	138	138	0	0	0	0	PASS	1
roast/S32-trig/cotan.t	114	114	0	0	0	0	PASS	1
roast/S32-trig/cotanh.t	146	146	0	0	0	0	PASS	1
roast/S32-trig/e.t	5	5	0	0	0	0	PASS	1
roast/S32-trig/pi.t	3	3	0	0	0	0	PASS	1
roast/S32-trig/sec.t	114	114	0	0	0	0	PASS	1
roast/S32-trig/sech.t	154	154	0	0	0	0	PASS	1
roast/S32-trig/simple.t	12	12	0	0	0	0	PASS	1
roast/S32-trig/sin.t	154	154	0	0	0	0	PASS	1
roast/S32-trig/sinh.t	139	139	0	0	0	0	PASS	1
roast/S32-trig/tan.t	138	138	0	0	0	0	PASS	1
roast/S32-trig/tanh.t	154	154	0	0	0	0	PASS	1
roast/integration/99problems-01-to-10.t	22	22	0	0	0	0	PASS	1
roast/integration/99problems-11-to-20.t	25	25	0	0	0	0	PASS	1
roast/integration/99problems-21-to-30.t	15	15	0	0	0	0	PASS	0
roast/integration/99problems-31-to-40.t	67	67	0	0	0	0	PASS	0
roast/integration/99problems-41-to-50.t	9	9	0	0	0	0	PASS	0
roast/integration/99problems-51-to-60.t	37	37	0	0	0	0	PASS	0
roast/integration/99problems-61-to-70.t	15	15	0	0	0	0	PASS	0
roast/integration/advent2009-day01.t	2	2	0	0	0	0	PASS	1
roast/integration/advent2009-day02.t	10	10	0	0	0	0	PASS	1
roast/integration/advent2009-day03.t	6	6	0	0	0	0	PASS	1
roast/integration/advent2009-day04.t	6	6	0	0	0	0	PASS	1
roast/integration/advent2009-day05.t	17	17	0	0	0	0	PASS	1
roast/integration/advent2009-day06.t	15	15	0	0	0	0	PASS	1
roast/integration/advent2009-day07.t	14	14	0	0	0	0	PASS	1
roast/integration/advent2009-day08.t	8	8	0	0	0	0	PASS	1
roast/integration/advent2009-day09.t	17	17	0	0	0	0	PASS	1
roast/integration/advent2009-day10.t	5	5	0	0	0	0	PASS	1
roast/integration/advent2009-day11.t	6	6	0	0	0	0	PASS	0
roast/integration/advent2009-day12.t	9	9	0	0	0	0	PASS	0
roast/integration/advent2009-day13.t	16	16	0	0	0	0	PASS	1
roast/integration/advent2009-day14.t	21	21	0	0	0	0	PASS	1
roast/integration/advent2009-day15.t	4	4	0	0	0	0	PASS	1
roast/integration/advent2009-day16.t	11	11	0	0	0	0	PASS	0
roast/integration/advent2009-day17.t	62	62	0	0	0	0	PASS	1
roast/integration/advent2009-day18.t	7	7	0	0	0	0	PASS	0
roast/integration/advent2009-day19.t	6	6	0	0	0	0	PASS	1
roast/integration/advent2009-day20.t	21	21	0	0	0	0	PASS	0
roast/integration/advent2009-day21.t	2	2	0	0	0	0	PASS	1
roast/integration/advent2009-day22.t	4	4	0	0	0	0	PASS	1
roast/integration/advent2009-day23.t	10	10	0	0	0	0	PASS	0
roast/integration/advent2009-day24.t	4	4	0	0	0	0	PASS	0
roast/integration/advent2010-day03.t	12	12	0	0	0	0	PASS	0
roast/integration/advent2010-day04.t	11	11	0	0	0	0	PASS	1
roast/integration/advent2010-day06.t	12	12	0	0	0	0	PASS	1
roast/integration/advent2010-day07.t	8	8	0	0	0	0	PASS	1
roast/integration/advent2010-day08.t	8	8	0	0	0	0	PASS	1
roast/integration/advent2010-day10.t	4	2	2	0	0	2	FAIL	1
roast/integration/advent2010-day11.t	2	2	0	0	0	0	PASS	0
roast/integration/advent2010-day12.t	13	13	0	0	0	0	PASS	1
roast/integration/advent2010-day14.t	5	5	0	0	0	0	PASS	0
roast/integration/advent2010-day16.t	13	13	0	0	0	0	PASS	0
roast/integration/advent2010-day19.t	6	6	0	0	0	0	PASS	1
roast/integration/advent2010-day21.t	4	4	0	0	0	0	PASS	1
roast/integration/advent2010-day22.t	3	3	0	0	0	0	PASS	0
roast/integration/advent2010-day23.t	8	8	0	0	0	0	PASS	1
roast/integration/advent2011-day03.t	2	2	0	0	0	0	PASS	1
roast/integration/advent2011-day04.t	2	2	0	0	0	0	PASS	0
roast/integration/advent2011-day05.t	5	5	0	0	0	0	PASS	1
roast/integration/advent2011-day07.t	3	3	0	0	0	0	PASS	0
roast/integration/advent2011-day10.t	5	5	0	0	0	0	PASS	0
roast/integration/advent2011-day11.t	9	9	0	0	0	0	PASS	0
roast/integration/advent2011-day14.t	8	8	0	0	0	0	PASS	0
roast/integration/advent2011-day15.t	9	9	0	0	0	0	PASS	1
roast/integration/advent2011-day16.t	12	12	0	0	0	0	PASS	1
roast/integration/advent2011-day20.t	16	16	0	0	0	0	PASS	1
roast/integration/advent2011-day22.t	2	2	0	0	0	0	PASS	1
roast/integration/advent2011-day23.t	55	55	0	0	0	0	PASS	1
roast/integration/advent2011-day24.t	8	8	0	0	0	0	PASS	1
roast/integration/advent2012-day02.t	4	4	0	0	0	0	PASS	1
roast/integration/advent2012-day03.t	2	2	0	0	0	0	PASS	1
roast/integration/advent2012-day04.t	8	7	1	0	0	1	FAIL	0
roast/integration/advent2012-day06.t	2	2	0	0	0	0	PASS	1
roast/integration/advent2012-day09.t	8	8	0	0	0	0	PASS	0
roast/integration/advent2012-day10.t	26	26	0	0	0	0	PASS	1
roast/integration/advent2012-day12.t	5	5	0	0	0	0	PASS	1
roast/integration/advent2012-day13.t	42	42	0	0	0	0	PASS	1
roast/integration/advent2012-day14.t	6	6	0	0	0	0	PASS	0
roast/integration/advent2012-day15.t	11	11	0	0	0	0	PASS	0
roast/integration/advent2012-day16.t	11	11	0	0	0	0	PASS	1
roast/integration/advent2012-day19.t	10	10	0	0	0	0	PASS	0
roast/integration/advent2012-day20.t	2	2	0	0	0	0	PASS	1
roast/integration/advent2012-day21.t	9	9	0	0	0	0	PASS	0
roast/integration/advent2012-day22.t	6	6	0	0	0	0	PASS	1
roast/integration/advent2012-day24.t	1	1	0	0	0	0	PASS	1
roast/integration/advent2013-day02.t	12	12	0	0	0	0	PASS	1
roast/integration/advent2013-day04.t	7	7	0	0	0	0	PASS	0
roast/integration/advent2013-day06.t	1	1	0	0	0	0	PASS	1
roast/integration/advent2013-day07.t	6	6	0	0	0	0	PASS	1
roast/integration/advent2013-day08.t	11	11	0	0	0	0	PASS	0
roast/integration/advent2013-day09.t	21	21	0	0	0	0	PASS	1
roast/integration/advent2013-day10.t	44	44	0	0	0	0	PASS	0
roast/integration/advent2013-day12.t	32	32	0	0	0	0	PASS	1
roast/integration/advent2013-day14.t	10	10	0	0	0	0	PASS	0
roast/integration/advent2013-day15.t	30	30	0	0	0	0	PASS	1
roast/integration/advent2013-day18.t	10	10	0	0	0	0	PASS	0
roast/integration/advent2013-day19.t	4	4	0	0	0	0	PASS	1
roast/integration/advent2013-day20.t	22	22	0	0	0	0	PASS	1
roast/integration/advent2013-day21.t	24	24	0	0	0	0	PASS	0
roast/integration/advent2013-day22.t	9	9	0	0	0	0	PASS	1
roast/integration/advent2013-day23.t	9	9	0	0	0	0	PASS	1
roast/integration/advent2014-day05.t	7	7	0	0	0	0	PASS	1
roast/integration/advent2014-day13.t	13	13	0	0	0	0	PASS	1
roast/integration/advent2014-day16.t	21	21	0	0	0	0	PASS	0
roast/integration/code-blocks-as-sub-args.t	4	4	0	0	0	0	PASS	1
roast/integration/deep-recursion-initing-native-array.t	1	1	0	0	0	0	PASS	0
roast/integration/diamond.t	2	2	0	0	0	0	PASS	1
roast/integration/error-reporting.t	33	33	0	0	0	0	PASS	0
roast/integration/eval-and-threads.t	1	1	0	0	0	0	PASS	1
roast/integration/failure-and-callsame.t	50	50	0	0	0	0	PASS	1
roast/integration/gather-with-loops.t	21	21	0	0	0	0	PASS	0
roast/integration/lazy-bentley-generator.t	1	1	0	0	0	0	PASS	1
roast/integration/lexical-array-in-inner-block.t	2	2	0	0	0	0	PASS	1
roast/integration/lexicals-and-attributes.t	8	8	0	0	0	0	PASS	1
roast/integration/man-or-boy.t	10	10	0	0	0	0	PASS	0
roast/integration/method-calls-and-instantiation.t	2	2	0	0	0	0	PASS	1
roast/integration/no-indirect-new.t	2	2	0	0	0	0	PASS	1
roast/integration/packages.t	3	3	0	0	0	0	PASS	1
roast/integration/pair-in-array.t	3	3	0	0	0	0	PASS	1
roast/integration/passing-pair-class-to-sub.t	2	2	0	0	0	0	PASS	1
roast/integration/precompiled.t	9	9	0	0	0	0	PASS	0
roast/integration/real-strings.t	20	20	0	0	0	0	PASS	1
roast/integration/role-composition-vs-attribute.t	0	0	0	0	1	1	SORRY	1
roast/integration/rule-in-class-Str.t	3	3	0	0	0	0	PASS	1
roast/integration/say-crash.t	4	4	0	0	0	0	PASS	1
roast/integration/sequence.t	1	1	0	0	0	0	PASS	1
roast/integration/substr-after-match-in-gather-in-for.t	1	1	0	0	0	0	PASS	1
roast/integration/topic_in_double_loop.t	5	5	0	0	0	0	PASS	1
roast/integration/variables-in-do.t	3	3	0	0	0	0	PASS	1
roast/integration/weird-errors.t	36	35	1	0	0	1	FAIL	0
roast/t/fudge.t	0	0	0	0	1	1	SORRY	0
roast/t/fudgeandrun.t	0	0	0	0	1	1	SORRY	0
roast/t/test-util/01-is-eqv.t	10	10	0	0	0	0	PASS	1
